timestamp_ms,timestamp_utc,duration_ms,billed_duration_ms,memory_size_mb,max_memory_used_mb,init_duration_ms,cold_start
1783809937039,2026-07-11T22:45:37.039000+00:00,24.25,25.0,3008,421,,0
1783809937279,2026-07-11T22:45:37.279000+00:00,30.88,31.0,3008,421,,0
1783809937290,2026-07-11T22:45:37.290000+00:00,26.37,27.0,3008,421,,0
1783809937339,2026-07-11T22:45:37.339000+00:00,42.98,43.0,3008,421,,0
1783809937508,2026-07-11T22:45:37.508000+00:00,17.08,18.0,3008,421,,0
1783809937588,2026-07-11T22:45:37.588000+00:00,17.38,18.0,3008,421,,0
1783809937603,2026-07-11T22:45:37.603000+00:00,24.26,25.0,3008,421,,0
1783809937608,2026-07-11T22:45:37.608000+00:00,25.35,26.0,3008,421,,0
1783809937622,2026-07-11T22:45:37.622000+00:00,18.24,19.0,3008,421,,0
1783809937625,2026-07-11T22:45:37.625000+00:00,18.38,19.0,3008,421,,0
1783809937625,2026-07-11T22:45:37.625000+00:00,19.73,20.0,3008,421,,0
1783809937627,2026-07-11T22:45:37.627000+00:00,24.22,25.0,3008,421,,0
1783809937633,2026-07-11T22:45:37.633000+00:00,29.81,30.0,3008,421,,0
1783809937638,2026-07-11T22:45:37.638000+00:00,38.49,39.0,3008,421,,0
1783809937639,2026-07-11T22:45:37.639000+00:00,34.16,35.0,3008,421,,0
1783809937643,2026-07-11T22:45:37.643000+00:00,32.23,33.0,3008,421,,0
1783809937645,2026-07-11T22:45:37.645000+00:00,39.75,40.0,3008,421,,0
1783809937696,2026-07-11T22:45:37.696000+00:00,41.3,42.0,3008,421,,0
1783809937830,2026-07-11T22:45:37.830000+00:00,16.39,17.0,3008,421,,0
1783809937843,2026-07-11T22:45:37.843000+00:00,26.87,27.0,3008,421,,0
1783809937903,2026-07-11T22:45:37.903000+00:00,40.07,41.0,3008,421,,0
1783809938054,2026-07-11T22:45:38.054000+00:00,40.06,41.0,3008,421,,0
1783809938263,2026-07-11T22:45:38.263000+00:00,20.31,21.0,3008,421,,0
1783809938282,2026-07-11T22:45:38.282000+00:00,17.6,18.0,3008,421,,0
1783809938320,2026-07-11T22:45:38.320000+00:00,24.03,25.0,3008,421,,0
1783809938521,2026-07-11T22:45:38.521000+00:00,35.07,36.0,3008,421,,0
1783809938600,2026-07-11T22:45:38.600000+00:00,16.61,17.0,3008,421,,0
1783809938601,2026-07-11T22:45:38.601000+00:00,28.86,29.0,3008,421,,0
1783809938606,2026-07-11T22:45:38.606000+00:00,16.36,17.0,3008,421,,0
1783809938608,2026-07-11T22:45:38.608000+00:00,25.98,26.0,3008,421,,0
1783809938613,2026-07-11T22:45:38.613000+00:00,25.18,26.0,3008,421,,0
1783809938615,2026-07-11T22:45:38.615000+00:00,34.65,35.0,3008,421,,0
1783809938615,2026-07-11T22:45:38.615000+00:00,22.74,23.0,3008,421,,0
1783809938616,2026-07-11T22:45:38.616000+00:00,22.74,23.0,3008,421,,0
1783809938621,2026-07-11T22:45:38.621000+00:00,27.42,28.0,3008,421,,0
1783809938629,2026-07-11T22:45:38.629000+00:00,39.16,40.0,3008,421,,0
1783809938647,2026-07-11T22:45:38.647000+00:00,34.38,35.0,3008,421,,0
1783809938679,2026-07-11T22:45:38.679000+00:00,33.32,34.0,3008,421,,0
1783809938822,2026-07-11T22:45:38.822000+00:00,8.64,9.0,3008,421,,0
1783809938847,2026-07-11T22:45:38.847000+00:00,37.4,38.0,3008,421,,0
1783809938887,2026-07-11T22:45:38.887000+00:00,27.2,28.0,3008,421,,0
1783809939047,2026-07-11T22:45:39.047000+00:00,30.92,31.0,3008,421,,0
1783809939260,2026-07-11T22:45:39.260000+00:00,17.14,18.0,3008,421,,0
1783809939299,2026-07-11T22:45:39.299000+00:00,28.89,29.0,3008,421,,0
1783809939306,2026-07-11T22:45:39.306000+00:00,8.78,9.0,3008,421,,0
1783809939509,2026-07-11T22:45:39.509000+00:00,22.34,23.0,3008,421,,0
1783809939599,2026-07-11T22:45:39.599000+00:00,20.72,21.0,3008,421,,0
1783809939601,2026-07-11T22:45:39.601000+00:00,23.61,24.0,3008,421,,0
1783809939601,2026-07-11T22:45:39.601000+00:00,21.07,22.0,3008,421,,0
1783809939604,2026-07-11T22:45:39.604000+00:00,14.6,15.0,3008,421,,0
1783809939605,2026-07-11T22:45:39.605000+00:00,25.09,26.0,3008,421,,0
1783809939610,2026-07-11T22:45:39.610000+00:00,18.59,19.0,3008,421,,0
1783809939613,2026-07-11T22:45:39.613000+00:00,21.06,22.0,3008,421,,0
1783809939617,2026-07-11T22:45:39.617000+00:00,30.11,31.0,3008,421,,0
1783809939622,2026-07-11T22:45:39.622000+00:00,25.26,26.0,3008,421,,0
1783809939623,2026-07-11T22:45:39.623000+00:00,35.6,36.0,3008,421,,0
1783809939699,2026-07-11T22:45:39.699000+00:00,42.79,43.0,3008,421,,0
1783809939841,2026-07-11T22:45:39.841000+00:00,24.55,25.0,3008,421,,0
1783809939843,2026-07-11T22:45:39.843000+00:00,30.1,31.0,3008,421,,0
1783809939880,2026-07-11T22:45:39.880000+00:00,17.27,18.0,3008,421,,0
1783809940043,2026-07-11T22:45:40.043000+00:00,33.82,34.0,3008,421,,0
1783809940275,2026-07-11T22:45:40.275000+00:00,31.7,32.0,3008,421,,0
1783809940295,2026-07-11T22:45:40.295000+00:00,23.63,24.0,3008,421,,0
1783809940343,2026-07-11T22:45:40.343000+00:00,43.28,44.0,3008,421,,0
1783809940523,2026-07-11T22:45:40.523000+00:00,35.23,36.0,3008,421,,0
1783809940584,2026-07-11T22:45:40.584000+00:00,10.7,11.0,3008,421,,0
1783809940604,2026-07-11T22:45:40.604000+00:00,14.29,15.0,3008,421,,0
1783809940606,2026-07-11T22:45:40.606000+00:00,24.21,25.0,3008,421,,0
1783809940609,2026-07-11T22:45:40.609000+00:00,22.07,23.0,3008,421,,0
1783809940615,2026-07-11T22:45:40.615000+00:00,34.97,35.0,3008,421,,0
1783809940617,2026-07-11T22:45:40.617000+00:00,24.35,25.0,3008,421,,0
1783809940617,2026-07-11T22:45:40.617000+00:00,22.66,23.0,3008,421,,0
1783809940617,2026-07-11T22:45:40.617000+00:00,24.66,25.0,3008,421,,0
1783809940617,2026-07-11T22:45:40.617000+00:00,37.9,38.0,3008,421,,0
1783809940621,2026-07-11T22:45:40.621000+00:00,26.05,27.0,3008,421,,0
1783809940623,2026-07-11T22:45:40.623000+00:00,27.4,28.0,3008,421,,0
1783809940679,2026-07-11T22:45:40.679000+00:00,32.39,33.0,3008,421,,0
1783809940834,2026-07-11T22:45:40.834000+00:00,17.51,18.0,3008,421,,0
1783809940848,2026-07-11T22:45:40.848000+00:00,34.46,35.0,3008,421,,0
1783809940908,2026-07-11T22:45:40.908000+00:00,47.74,48.0,3008,421,,0
1783809941039,2026-07-11T22:45:41.039000+00:00,30.74,31.0,3008,421,,0
1783809941260,2026-07-11T22:45:41.260000+00:00,18.59,19.0,3008,421,,0
1783809941320,2026-07-11T22:45:41.320000+00:00,50.72,51.0,3008,421,,0
1783809941329,2026-07-11T22:45:41.329000+00:00,34.34,35.0,3008,421,,0
1783809941521,2026-07-11T22:45:41.521000+00:00,27.76,28.0,3008,421,,0
1783809941588,2026-07-11T22:45:41.588000+00:00,12.39,13.0,3008,421,,0
1783809941590,2026-07-11T22:45:41.590000+00:00,19.63,20.0,3008,421,,0
1783809941600,2026-07-11T22:45:41.600000+00:00,18.77,19.0,3008,421,,0
1783809941602,2026-07-11T22:45:41.602000+00:00,16.64,17.0,3008,421,,0
1783809941605,2026-07-11T22:45:41.605000+00:00,28.48,29.0,3008,421,,0
1783809941606,2026-07-11T22:45:41.606000+00:00,10.15,11.0,3008,421,,0
1783809941610,2026-07-11T22:45:41.610000+00:00,18.84,19.0,3008,421,,0
1783809941614,2026-07-11T22:45:41.614000+00:00,18.29,19.0,3008,421,,0
1783809941617,2026-07-11T22:45:41.617000+00:00,23.79,24.0,3008,421,,0
1783809941618,2026-07-11T22:45:41.618000+00:00,29.07,30.0,3008,421,,0
1783809941627,2026-07-11T22:45:41.627000+00:00,28.96,29.0,3008,421,,0
1783809941629,2026-07-11T22:45:41.629000+00:00,32.64,33.0,3008,421,,0
1783809941681,2026-07-11T22:45:41.681000+00:00,28.55,29.0,3008,421,,0
1783809941834,2026-07-11T22:45:41.834000+00:00,17.63,18.0,3008,421,,0
1783809941841,2026-07-11T22:45:41.841000+00:00,27.35,28.0,3008,421,,0
1783809941886,2026-07-11T22:45:41.886000+00:00,17.41,18.0,3008,421,,0
1783809942033,2026-07-11T22:45:42.033000+00:00,24.24,25.0,3008,421,,0
1783809942269,2026-07-11T22:45:42.269000+00:00,22.08,23.0,3008,421,,0
1783809942272,2026-07-11T22:45:42.272000+00:00,6.9,7.0,3008,421,,0
1783809942347,2026-07-11T22:45:42.347000+00:00,47.71,48.0,3008,421,,0
1783809942515,2026-07-11T22:45:42.515000+00:00,26.55,27.0,3008,421,,0
1783809942599,2026-07-11T22:45:42.599000+00:00,26.93,27.0,3008,421,,0
1783809942600,2026-07-11T22:45:42.600000+00:00,10.34,11.0,3008,421,,0
1783809942600,2026-07-11T22:45:42.600000+00:00,18.96,19.0,3008,421,,0
1783809942605,2026-07-11T22:45:42.605000+00:00,15.05,16.0,3008,421,,0
1783809942606,2026-07-11T22:45:42.606000+00:00,17.94,18.0,3008,421,,0
1783809942611,2026-07-11T22:45:42.611000+00:00,20.92,21.0,3008,421,,0
1783809942613,2026-07-11T22:45:42.613000+00:00,19.99,20.0,3008,421,,0
1783809942615,2026-07-11T22:45:42.615000+00:00,19.16,20.0,3008,421,,0
1783809942621,2026-07-11T22:45:42.621000+00:00,42.67,43.0,3008,421,,0
1783809942632,2026-07-11T22:45:42.632000+00:00,38.63,39.0,3008,421,,0
1783809942676,2026-07-11T22:45:42.676000+00:00,26.59,27.0,3008,421,,0
1783809942832,2026-07-11T22:45:42.832000+00:00,14.78,15.0,3008,421,,0
1783809942893,2026-07-11T22:45:42.893000+00:00,30.75,31.0,3008,421,,0
1783809943034,2026-07-11T22:45:43.034000+00:00,25.61,26.0,3008,421,,0
1783809943264,2026-07-11T22:45:43.264000+00:00,22.35,23.0,3008,421,,0
1783809943289,2026-07-11T22:45:43.289000+00:00,21.09,22.0,3008,421,,0
1783809943329,2026-07-11T22:45:43.329000+00:00,33.84,34.0,3008,421,,0
1783809943541,2026-07-11T22:45:43.541000+00:00,54.66,55.0,3008,421,,0
1783809943593,2026-07-11T22:45:43.593000+00:00,17.38,18.0,3008,421,,0
1783809943611,2026-07-11T22:45:43.611000+00:00,20.7,21.0,3008,421,,0
1783809943611,2026-07-11T22:45:43.611000+00:00,23.77,24.0,3008,421,,0
1783809943616,2026-07-11T22:45:43.616000+00:00,28.63,29.0,3008,421,,0
1783809943617,2026-07-11T22:45:43.617000+00:00,28.67,29.0,3008,421,,0
1783809943620,2026-07-11T22:45:43.620000+00:00,37.66,38.0,3008,421,,0
1783809943621,2026-07-11T22:45:43.621000+00:00,48.86,49.0,3008,421,,0
1783809943621,2026-07-11T22:45:43.621000+00:00,33.84,34.0,3008,421,,0
1783809943623,2026-07-11T22:45:43.623000+00:00,29.69,30.0,3008,421,,0
1783809943632,2026-07-11T22:45:43.632000+00:00,23.52,24.0,3008,421,,0
1783809943636,2026-07-11T22:45:43.636000+00:00,42.3,43.0,3008,421,,0
1783809943688,2026-07-11T22:45:43.688000+00:00,40.13,41.0,3008,421,,0
1783809943855,2026-07-11T22:45:43.855000+00:00,28.67,29.0,3008,421,,0
1783809943935,2026-07-11T22:45:43.935000+00:00,64.98,65.0,3008,421,,0
1783809944268,2026-07-11T22:45:44.268000+00:00,25.28,26.0,3008,421,,0
1783809944304,2026-07-11T22:45:44.304000+00:00,37.81,38.0,3008,421,,0
1783809944320,2026-07-11T22:45:44.320000+00:00,26.22,27.0,3008,421,,0
1783809944523,2026-07-11T22:45:44.523000+00:00,32.45,33.0,3008,421,,0
1783809944594,2026-07-11T22:45:44.594000+00:00,6.97,7.0,3008,421,,0
1783809944598,2026-07-11T22:45:44.598000+00:00,10.96,11.0,3008,421,,0
1783809944602,2026-07-11T22:45:44.602000+00:00,20.29,21.0,3008,421,,0
1783809944606,2026-07-11T22:45:44.606000+00:00,18.13,19.0,3008,421,,0
1783809944607,2026-07-11T22:45:44.607000+00:00,14.12,15.0,3008,421,,0
1783809944607,2026-07-11T22:45:44.607000+00:00,29.48,30.0,3008,421,,0
1783809944613,2026-07-11T22:45:44.613000+00:00,16.6,17.0,3008,421,,0
1783809944619,2026-07-11T22:45:44.619000+00:00,38.55,39.0,3008,421,,0
1783809944626,2026-07-11T22:45:44.626000+00:00,34.13,35.0,3008,421,,0
1783809944628,2026-07-11T22:45:44.628000+00:00,33.94,34.0,3008,421,,0
1783809944668,2026-07-11T22:45:44.668000+00:00,21.6,22.0,3008,421,,0
1783809944847,2026-07-11T22:45:44.847000+00:00,29.62,30.0,3008,421,,0
1783809944887,2026-07-11T22:45:44.887000+00:00,24.45,25.0,3008,421,,0
1783809945271,2026-07-11T22:45:45.271000+00:00,24.54,25.0,3008,421,,0
1783809945275,2026-07-11T22:45:45.275000+00:00,7.83,8.0,3008,421,,0
1783809945339,2026-07-11T22:45:45.339000+00:00,44.0,45.0,3008,421,,0
1783809945587,2026-07-11T22:45:45.587000+00:00,7.46,8.0,3008,421,,0
1783809945605,2026-07-11T22:45:45.605000+00:00,32.31,33.0,3008,421,,0
1783809945606,2026-07-11T22:45:45.606000+00:00,7.33,8.0,3008,421,,0
1783809945607,2026-07-11T22:45:45.607000+00:00,28.89,29.0,3008,421,,0
1783809945607,2026-07-11T22:45:45.607000+00:00,19.4,20.0,3008,421,,0
1783809945614,2026-07-11T22:45:45.614000+00:00,21.23,22.0,3008,421,,0
1783809945615,2026-07-11T22:45:45.615000+00:00,25.95,26.0,3008,421,,0
1783809945620,2026-07-11T22:45:45.620000+00:00,29.42,30.0,3008,421,,0
1783809945620,2026-07-11T22:45:45.620000+00:00,28.52,29.0,3008,421,,0
1783809945621,2026-07-11T22:45:45.621000+00:00,26.87,27.0,3008,421,,0
1783809945644,2026-07-11T22:45:45.644000+00:00,50.64,51.0,3008,421,,0
1783809945673,2026-07-11T22:45:45.673000+00:00,25.12,26.0,3008,421,,0
1783809945853,2026-07-11T22:45:45.853000+00:00,36.94,37.0,3008,421,,0
1783809945901,2026-07-11T22:45:45.901000+00:00,31.74,32.0,3008,421,,0
1783809946286,2026-07-11T22:45:46.286000+00:00,23.64,24.0,3008,421,,0
1783809946590,2026-07-11T22:45:46.590000+00:00,10.78,11.0,3008,421,,0
1783809946601,2026-07-11T22:45:46.601000+00:00,7.58,8.0,3008,421,,0
1783809946602,2026-07-11T22:45:46.602000+00:00,13.76,14.0,3008,421,,0
1783809946602,2026-07-11T22:45:46.602000+00:00,17.34,18.0,3008,421,,0
1783809946607,2026-07-11T22:45:46.607000+00:00,22.76,23.0,3008,421,,0
1783809946609,2026-07-11T22:45:46.609000+00:00,18.3,19.0,3008,421,,0
1783809946624,2026-07-11T22:45:46.624000+00:00,35.88,36.0,3008,421,,0
1783809946629,2026-07-11T22:45:46.629000+00:00,36.93,37.0,3008,421,,0
1783809946632,2026-07-11T22:45:46.632000+00:00,38.64,39.0,3008,421,,0
1783809946632,2026-07-11T22:45:46.632000+00:00,35.26,36.0,3008,421,,0
1783809946633,2026-07-11T22:45:46.633000+00:00,60.62,61.0,3008,421,,0
1783809946681,2026-07-11T22:45:46.681000+00:00,30.92,31.0,3008,421,,0
1783809946845,2026-07-11T22:45:46.845000+00:00,24.15,25.0,3008,421,,0
1783809946881,2026-07-11T22:45:46.881000+00:00,20.53,21.0,3008,421,,0
1783809947279,2026-07-11T22:45:47.279000+00:00,8.06,9.0,3008,421,,0
1783809947581,2026-07-11T22:45:47.581000+00:00,7.91,8.0,3008,421,,0
1783809947588,2026-07-11T22:45:47.588000+00:00,6.07,7.0,3008,421,,0
1783809947602,2026-07-11T22:45:47.602000+00:00,21.93,22.0,3008,421,,0
1783809947604,2026-07-11T22:45:47.604000+00:00,24.65,25.0,3008,421,,0
1783809947605,2026-07-11T22:45:47.605000+00:00,7.3,8.0,3008,421,,0
1783809947608,2026-07-11T22:45:47.608000+00:00,19.12,20.0,3008,421,,0
1783809947609,2026-07-11T22:45:47.609000+00:00,21.13,22.0,3008,421,,0
1783809947619,2026-07-11T22:45:47.619000+00:00,23.47,24.0,3008,421,,0
1783809947619,2026-07-11T22:45:47.619000+00:00,26.03,27.0,3008,421,,0
1783809947624,2026-07-11T22:45:47.624000+00:00,27.84,28.0,3008,421,,0
1783809947625,2026-07-11T22:45:47.625000+00:00,38.2,39.0,3008,421,,0
1783809947641,2026-07-11T22:45:47.641000+00:00,52.81,53.0,3008,421,,0
1783809947662,2026-07-11T22:45:47.662000+00:00,12.38,13.0,3008,421,,0
1783809947828,2026-07-11T22:45:47.828000+00:00,10.51,11.0,3008,421,,0
1783809947909,2026-07-11T22:45:47.909000+00:00,43.19,44.0,3008,421,,0
1783809948282,2026-07-11T22:45:48.282000+00:00,17.44,18.0,3008,421,,0
1783809948585,2026-07-11T22:45:48.585000+00:00,6.7,7.0,3008,421,,0
1783809948601,2026-07-11T22:45:48.601000+00:00,7.09,8.0,3008,421,,0
1783809948604,2026-07-11T22:45:48.604000+00:00,11.2,12.0,3008,421,,0
1783809948604,2026-07-11T22:45:48.604000+00:00,13.81,14.0,3008,421,,0
1783809948609,2026-07-11T22:45:48.609000+00:00,15.74,16.0,3008,421,,0
1783809948613,2026-07-11T22:45:48.613000+00:00,30.93,31.0,3008,421,,0
1783809948613,2026-07-11T22:45:48.613000+00:00,40.47,41.0,3008,421,,0
1783809948615,2026-07-11T22:45:48.615000+00:00,30.15,31.0,3008,421,,0
1783809948616,2026-07-11T22:45:48.616000+00:00,17.15,18.0,3008,421,,0
1783809948617,2026-07-11T22:45:48.617000+00:00,29.46,30.0,3008,421,,0
1783809948624,2026-07-11T22:45:48.624000+00:00,25.98,26.0,3008,421,,0
1783809948665,2026-07-11T22:45:48.665000+00:00,17.76,18.0,3008,421,,0
1783809948851,2026-07-11T22:45:48.851000+00:00,37.81,38.0,3008,421,,0
1783809948874,2026-07-11T22:45:48.874000+00:00,11.34,12.0,3008,421,,0
1783809949284,2026-07-11T22:45:49.284000+00:00,18.99,19.0,3008,421,,0
1783809949590,2026-07-11T22:45:49.590000+00:00,6.9,7.0,3008,421,,0
1783809949601,2026-07-11T22:45:49.601000+00:00,21.84,22.0,3008,421,,0
1783809949606,2026-07-11T22:45:49.606000+00:00,7.11,8.0,3008,421,,0
1783809949612,2026-07-11T22:45:49.612000+00:00,33.12,34.0,3008,421,,0
1783809949612,2026-07-11T22:45:49.612000+00:00,15.18,16.0,3008,421,,0
1783809949617,2026-07-11T22:45:49.617000+00:00,27.26,28.0,3008,421,,0
1783809949620,2026-07-11T22:45:49.620000+00:00,30.39,31.0,3008,421,,0
1783809949621,2026-07-11T22:45:49.621000+00:00,23.87,24.0,3008,421,,0
1783809949627,2026-07-11T22:45:49.627000+00:00,29.66,30.0,3008,421,,0
1783809949629,2026-07-11T22:45:49.629000+00:00,34.51,35.0,3008,421,,0
1783809949705,2026-07-11T22:45:49.705000+00:00,43.93,44.0,3008,421,,0
1783809949826,2026-07-11T22:45:49.826000+00:00,8.0,8.0,3008,421,,0
1783809949889,2026-07-11T22:45:49.889000+00:00,29.3,30.0,3008,421,,0
1783809950289,2026-07-11T22:45:50.289000+00:00,21.46,22.0,3008,421,,0
1783809950607,2026-07-11T22:45:50.607000+00:00,19.96,20.0,3008,421,,0
1783809950608,2026-07-11T22:45:50.608000+00:00,15.43,16.0,3008,421,,0
1783809950608,2026-07-11T22:45:50.608000+00:00,18.98,19.0,3008,421,,0
1783809950611,2026-07-11T22:45:50.611000+00:00,12.16,13.0,3008,421,,0
1783809950615,2026-07-11T22:45:50.615000+00:00,23.02,24.0,3008,421,,0
1783809950620,2026-07-11T22:45:50.620000+00:00,40.13,41.0,3008,421,,0
1783809950622,2026-07-11T22:45:50.622000+00:00,31.15,32.0,3008,421,,0
1783809950624,2026-07-11T22:45:50.624000+00:00,24.48,25.0,3008,421,,0
1783809950641,2026-07-11T22:45:50.641000+00:00,34.33,35.0,3008,421,,0
1783809950655,2026-07-11T22:45:50.655000+00:00,7.91,8.0,3008,421,,0
1783809950845,2026-07-11T22:45:50.845000+00:00,30.51,31.0,3008,421,,0
1783809950897,2026-07-11T22:45:50.897000+00:00,33.71,34.0,3008,421,,0
1783809951287,2026-07-11T22:45:51.287000+00:00,18.52,19.0,3008,421,,0
1783809951604,2026-07-11T22:45:51.604000+00:00,23.29,24.0,3008,421,,0
1783809951605,2026-07-11T22:45:51.605000+00:00,18.98,19.0,3008,421,,0
1783809951617,2026-07-11T22:45:51.617000+00:00,20.94,21.0,3008,421,,0
1783809951623,2026-07-11T22:45:51.623000+00:00,25.77,26.0,3008,421,,0
1783809951624,2026-07-11T22:45:51.624000+00:00,26.06,27.0,3008,421,,0
1783809951629,2026-07-11T22:45:51.629000+00:00,33.05,34.0,3008,421,,0
1783809951633,2026-07-11T22:45:51.633000+00:00,33.87,34.0,3008,421,,0
1783809951658,2026-07-11T22:45:51.658000+00:00,10.86,11.0,3008,421,,0
1783809951867,2026-07-11T22:45:51.867000+00:00,6.7,7.0,3008,421,,0
1783809952586,2026-07-11T22:45:52.586000+00:00,9.92,10.0,3008,421,,0
1783809952609,2026-07-11T22:45:52.609000+00:00,24.0,24.0,3008,421,,0
1783809952610,2026-07-11T22:45:52.610000+00:00,17.85,18.0,3008,421,,0
1783809952617,2026-07-11T22:45:52.617000+00:00,16.92,17.0,3008,421,,0
1783809952623,2026-07-11T22:45:52.623000+00:00,29.39,30.0,3008,421,,0
1783809952627,2026-07-11T22:45:52.627000+00:00,30.27,31.0,3008,421,,0
1783809952649,2026-07-11T22:45:52.649000+00:00,46.31,47.0,3008,421,,0
1783809952665,2026-07-11T22:45:52.665000+00:00,17.11,18.0,3008,421,,0
1783809952888,2026-07-11T22:45:52.888000+00:00,22.15,23.0,3008,421,,0
1783809953597,2026-07-11T22:45:53.597000+00:00,17.36,18.0,3008,421,,0
1783809953604,2026-07-11T22:45:53.604000+00:00,17.21,18.0,3008,421,,0
1783809953605,2026-07-11T22:45:53.605000+00:00,8.68,9.0,3008,421,,0
1783809953615,2026-07-11T22:45:53.615000+00:00,20.88,21.0,3008,421,,0
1783809953618,2026-07-11T22:45:53.618000+00:00,19.37,20.0,3008,421,,0
1783809953621,2026-07-11T22:45:53.621000+00:00,19.09,20.0,3008,421,,0
1783809953673,2026-07-11T22:45:53.673000+00:00,21.58,22.0,3008,421,,0
1783809954616,2026-07-11T22:45:54.616000+00:00,25.29,26.0,3008,421,,0
1783809954621,2026-07-11T22:45:54.621000+00:00,24.67,25.0,3008,421,,0
1783809954621,2026-07-11T22:45:54.621000+00:00,36.05,37.0,3008,421,,0
1783809954625,2026-07-11T22:45:54.625000+00:00,24.23,25.0,3008,421,,0
1783809954627,2026-07-11T22:45:54.627000+00:00,24.27,25.0,3008,421,,0
1783809954691,2026-07-11T22:45:54.691000+00:00,42.46,43.0,3008,421,,0
1783809955615,2026-07-11T22:45:55.615000+00:00,22.69,23.0,3008,421,,0
1783809955621,2026-07-11T22:45:55.621000+00:00,23.58,24.0,3008,421,,0
1783809955623,2026-07-11T22:45:55.623000+00:00,24.58,25.0,3008,421,,0
1783809955633,2026-07-11T22:45:55.633000+00:00,38.16,39.0,3008,421,,0
1783809956612,2026-07-11T22:45:56.612000+00:00,22.05,23.0,3008,421,,0
1783809956621,2026-07-11T22:45:56.621000+00:00,20.98,21.0,3008,421,,0
1783809956641,2026-07-11T22:45:56.641000+00:00,34.63,35.0,3008,421,,0
1783809957626,2026-07-11T22:45:57.626000+00:00,18.72,19.0,3008,421,,0
1783809968461,2026-07-11T22:46:08.461000+00:00,25.71,26.0,3008,421,,0
1783809969449,2026-07-11T22:46:09.449000+00:00,33.34,34.0,3008,421,,0
1783809970441,2026-07-11T22:46:10.441000+00:00,28.52,29.0,3008,421,,0
1783809970477,2026-07-11T22:46:10.477000+00:00,32.02,33.0,3008,421,,0
1783809970507,2026-07-11T22:46:10.507000+00:00,71.73,72.0,3008,421,,0
1783809971427,2026-07-11T22:46:11.427000+00:00,14.76,15.0,3008,421,,0
1783809971444,2026-07-11T22:46:11.444000+00:00,23.41,24.0,3008,421,,0
1783809971449,2026-07-11T22:46:11.449000+00:00,20.77,21.0,3008,421,,0
1783809971467,2026-07-11T22:46:11.467000+00:00,26.78,27.0,3008,421,,0
1783809971474,2026-07-11T22:46:11.474000+00:00,28.43,29.0,3008,421,,0
1783809972425,2026-07-11T22:46:12.425000+00:00,6.78,7.0,3008,421,,0
1783809972439,2026-07-11T22:46:12.439000+00:00,25.17,26.0,3008,421,,0
1783809972441,2026-07-11T22:46:12.441000+00:00,19.84,20.0,3008,421,,0
1783809972447,2026-07-11T22:46:12.447000+00:00,23.47,24.0,3008,421,,0
1783809972455,2026-07-11T22:46:12.455000+00:00,22.1,23.0,3008,421,,0
1783809972464,2026-07-11T22:46:12.464000+00:00,37.23,38.0,3008,421,,0
1783809973436,2026-07-11T22:46:13.436000+00:00,27.24,28.0,3008,421,,0
1783809973440,2026-07-11T22:46:13.440000+00:00,23.43,24.0,3008,421,,0
1783809973441,2026-07-11T22:46:13.441000+00:00,17.53,18.0,3008,421,,0
1783809973442,2026-07-11T22:46:13.442000+00:00,18.92,19.0,3008,421,,0
1783809973455,2026-07-11T22:46:13.455000+00:00,35.92,36.0,3008,421,,0
1783809973468,2026-07-11T22:46:13.468000+00:00,39.7,40.0,3008,421,,0
1783809973472,2026-07-11T22:46:13.472000+00:00,29.85,30.0,3008,421,,0
1783809973487,2026-07-11T22:46:13.487000+00:00,17.14,18.0,3008,421,,0
1783809974424,2026-07-11T22:46:14.424000+00:00,8.14,9.0,3008,421,,0
1783809974429,2026-07-11T22:46:14.429000+00:00,10.37,11.0,3008,421,,0
1783809974444,2026-07-11T22:46:14.444000+00:00,27.62,28.0,3008,421,,0
1783809974446,2026-07-11T22:46:14.446000+00:00,20.17,21.0,3008,421,,0
1783809974447,2026-07-11T22:46:14.447000+00:00,22.67,23.0,3008,421,,0
1783809974449,2026-07-11T22:46:14.449000+00:00,26.73,27.0,3008,421,,0
1783809974461,2026-07-11T22:46:14.461000+00:00,17.19,18.0,3008,421,,0
1783809974477,2026-07-11T22:46:14.477000+00:00,46.23,47.0,3008,421,,0
1783809974478,2026-07-11T22:46:14.478000+00:00,32.3,33.0,3008,421,,0
1783809974484,2026-07-11T22:46:14.484000+00:00,32.47,33.0,3008,421,,0
1783809975429,2026-07-11T22:46:15.429000+00:00,18.19,19.0,3008,421,,0
1783809975438,2026-07-11T22:46:15.438000+00:00,17.27,18.0,3008,421,,0
1783809975441,2026-07-11T22:46:15.441000+00:00,25.68,26.0,3008,421,,0
1783809975444,2026-07-11T22:46:15.444000+00:00,25.09,26.0,3008,421,,0
1783809975444,2026-07-11T22:46:15.444000+00:00,17.26,18.0,3008,421,,0
1783809975447,2026-07-11T22:46:15.447000+00:00,24.28,25.0,3008,421,,0
1783809975448,2026-07-11T22:46:15.448000+00:00,27.06,28.0,3008,421,,0
1783809975453,2026-07-11T22:46:15.453000+00:00,26.47,27.0,3008,421,,0
1783809975461,2026-07-11T22:46:15.461000+00:00,34.05,35.0,3008,421,,0
1783809975463,2026-07-11T22:46:15.463000+00:00,40.77,41.0,3008,421,,0
1783809975480,2026-07-11T22:46:15.480000+00:00,42.72,43.0,3008,421,,0
1783809976429,2026-07-11T22:46:16.429000+00:00,13.25,14.0,3008,421,,0
1783809976433,2026-07-11T22:46:16.433000+00:00,12.87,13.0,3008,421,,0
1783809976438,2026-07-11T22:46:16.438000+00:00,20.62,21.0,3008,421,,0
1783809976439,2026-07-11T22:46:16.439000+00:00,17.29,18.0,3008,421,,0
1783809976443,2026-07-11T22:46:16.443000+00:00,26.77,27.0,3008,421,,0
1783809976444,2026-07-11T22:46:16.444000+00:00,26.48,27.0,3008,421,,0
1783809976446,2026-07-11T22:46:16.446000+00:00,26.54,27.0,3008,421,,0
1783809976449,2026-07-11T22:46:16.449000+00:00,19.71,20.0,3008,421,,0
1783809976451,2026-07-11T22:46:16.451000+00:00,25.22,26.0,3008,421,,0
1783809976465,2026-07-11T22:46:16.465000+00:00,29.86,30.0,3008,421,,0
1783809976469,2026-07-11T22:46:16.469000+00:00,23.77,24.0,3008,421,,0
1783809976495,2026-07-11T22:46:16.495000+00:00,42.93,43.0,3008,421,,0
1783809977420,2026-07-11T22:46:17.420000+00:00,9.78,10.0,3008,421,,0
1783809977430,2026-07-11T22:46:17.430000+00:00,17.17,18.0,3008,421,,0
1783809977431,2026-07-11T22:46:17.431000+00:00,12.9,13.0,3008,421,,0
1783809977438,2026-07-11T22:46:17.438000+00:00,18.36,19.0,3008,421,,0
1783809977443,2026-07-11T22:46:17.443000+00:00,8.61,9.0,3008,421,,0
1783809977448,2026-07-11T22:46:17.448000+00:00,30.43,31.0,3008,421,,0
1783809977453,2026-07-11T22:46:17.453000+00:00,31.67,32.0,3008,421,,0
1783809977454,2026-07-11T22:46:17.454000+00:00,23.87,24.0,3008,421,,0
1783809977455,2026-07-11T22:46:17.455000+00:00,31.0,31.0,3008,421,,0
1783809977459,2026-07-11T22:46:17.459000+00:00,28.4,29.0,3008,421,,0
1783809977463,2026-07-11T22:46:17.463000+00:00,35.66,36.0,3008,421,,0
1783809977465,2026-07-11T22:46:17.465000+00:00,12.9,13.0,3008,421,,0
1783809977520,2026-07-11T22:46:17.520000+00:00,42.38,43.0,3008,421,,0
1783809978433,2026-07-11T22:46:18.433000+00:00,17.13,18.0,3008,421,,0
1783809978433,2026-07-11T22:46:18.433000+00:00,6.93,7.0,3008,421,,0
1783809978435,2026-07-11T22:46:18.435000+00:00,14.65,15.0,3008,421,,0
1783809978445,2026-07-11T22:46:18.445000+00:00,19.41,20.0,3008,421,,0
1783809978447,2026-07-11T22:46:18.447000+00:00,17.21,18.0,3008,421,,0
1783809978447,2026-07-11T22:46:18.447000+00:00,36.86,37.0,3008,421,,0
1783809978449,2026-07-11T22:46:18.449000+00:00,23.52,24.0,3008,421,,0
1783809978451,2026-07-11T22:46:18.451000+00:00,34.55,35.0,3008,421,,0
1783809978452,2026-07-11T22:46:18.452000+00:00,29.3,30.0,3008,421,,0
1783809978452,2026-07-11T22:46:18.452000+00:00,29.01,30.0,3008,421,,0
1783809978459,2026-07-11T22:46:18.459000+00:00,15.1,16.0,3008,421,,0
1783809978483,2026-07-11T22:46:18.483000+00:00,39.71,40.0,3008,421,,0
1783809978504,2026-07-11T22:46:18.504000+00:00,45.42,46.0,3008,421,,0
1783809979426,2026-07-11T22:46:19.426000+00:00,11.98,12.0,3008,421,,0
1783809979436,2026-07-11T22:46:19.436000+00:00,9.66,10.0,3008,421,,0
1783809979437,2026-07-11T22:46:19.437000+00:00,18.76,19.0,3008,421,,0
1783809979437,2026-07-11T22:46:19.437000+00:00,20.43,21.0,3008,421,,0
1783809979438,2026-07-11T22:46:19.438000+00:00,18.44,19.0,3008,421,,0
1783809979440,2026-07-11T22:46:19.440000+00:00,17.45,18.0,3008,421,,0
1783809979444,2026-07-11T22:46:19.444000+00:00,17.8,18.0,3008,421,,0
1783809979445,2026-07-11T22:46:19.445000+00:00,20.45,21.0,3008,421,,0
1783809979449,2026-07-11T22:46:19.449000+00:00,26.54,27.0,3008,421,,0
1783809979455,2026-07-11T22:46:19.455000+00:00,27.55,28.0,3008,421,,0
1783809979474,2026-07-11T22:46:19.474000+00:00,39.73,40.0,3008,421,,0
1783809979474,2026-07-11T22:46:19.474000+00:00,17.23,18.0,3008,421,,0
1783809979495,2026-07-11T22:46:19.495000+00:00,30.63,31.0,3008,421,,0
1783809979506,2026-07-11T22:46:19.506000+00:00,34.76,35.0,3008,421,,0
1783809980436,2026-07-11T22:46:20.436000+00:00,6.81,7.0,3008,421,,0
1783809980441,2026-07-11T22:46:20.441000+00:00,15.59,16.0,3008,421,,0
1783809980443,2026-07-11T22:46:20.443000+00:00,20.95,21.0,3008,421,,0
1783809980443,2026-07-11T22:46:20.443000+00:00,21.46,22.0,3008,421,,0
1783809980443,2026-07-11T22:46:20.443000+00:00,27.88,28.0,3008,421,,0
1783809980444,2026-07-11T22:46:20.444000+00:00,26.33,27.0,3008,421,,0
1783809980445,2026-07-11T22:46:20.445000+00:00,34.06,35.0,3008,421,,0
1783809980449,2026-07-11T22:46:20.449000+00:00,30.8,31.0,3008,421,,0
1783809980453,2026-07-11T22:46:20.453000+00:00,29.68,30.0,3008,421,,0
1783809980463,2026-07-11T22:46:20.463000+00:00,27.71,28.0,3008,421,,0
1783809980486,2026-07-11T22:46:20.486000+00:00,20.37,21.0,3008,421,,0
1783809980495,2026-07-11T22:46:20.495000+00:00,24.65,25.0,3008,421,,0
1783809981430,2026-07-11T22:46:21.430000+00:00,10.52,11.0,3008,421,,0
1783809981437,2026-07-11T22:46:21.437000+00:00,18.35,19.0,3008,421,,0
1783809981445,2026-07-11T22:46:21.445000+00:00,26.24,27.0,3008,421,,0
1783809981446,2026-07-11T22:46:21.446000+00:00,19.95,20.0,3008,421,,0
1783809981449,2026-07-11T22:46:21.449000+00:00,19.66,20.0,3008,421,,0
1783809981453,2026-07-11T22:46:21.453000+00:00,24.33,25.0,3008,421,,0
1783809981454,2026-07-11T22:46:21.454000+00:00,10.91,11.0,3008,421,,0
1783809981455,2026-07-11T22:46:21.455000+00:00,43.65,44.0,3008,421,,0
1783809981456,2026-07-11T22:46:21.456000+00:00,32.27,33.0,3008,421,,0
1783809981471,2026-07-11T22:46:21.471000+00:00,43.72,44.0,3008,421,,0
1783809981481,2026-07-11T22:46:21.481000+00:00,51.61,52.0,3008,421,,0
1783809981499,2026-07-11T22:46:21.499000+00:00,44.83,45.0,3008,421,,0
1783809982425,2026-07-11T22:46:22.425000+00:00,7.59,8.0,3008,421,,0
1783809982427,2026-07-11T22:46:22.427000+00:00,15.84,16.0,3008,421,,0
1783809982428,2026-07-11T22:46:22.428000+00:00,9.61,10.0,3008,421,,0
1783809982444,2026-07-11T22:46:22.444000+00:00,24.41,25.0,3008,421,,0
1783809982448,2026-07-11T22:46:22.448000+00:00,13.71,14.0,3008,421,,0
1783809982449,2026-07-11T22:46:22.449000+00:00,26.26,27.0,3008,421,,0
1783809982453,2026-07-11T22:46:22.453000+00:00,26.13,27.0,3008,421,,0
1783809982454,2026-07-11T22:46:22.454000+00:00,27.64,28.0,3008,421,,0
1783809982457,2026-07-11T22:46:22.457000+00:00,29.88,30.0,3008,421,,0
1783809982457,2026-07-11T22:46:22.457000+00:00,16.4,17.0,3008,421,,0
1783809982460,2026-07-11T22:46:22.460000+00:00,24.27,25.0,3008,421,,0
1783809982463,2026-07-11T22:46:22.463000+00:00,36.23,37.0,3008,421,,0
1783809982476,2026-07-11T22:46:22.476000+00:00,48.42,49.0,3008,421,,0
1783809982489,2026-07-11T22:46:22.489000+00:00,25.78,26.0,3008,421,,0
1783809982489,2026-07-11T22:46:22.489000+00:00,26.85,27.0,3008,421,,0
1783809983426,2026-07-11T22:46:23.426000+00:00,16.3,17.0,3008,421,,0
1783809983435,2026-07-11T22:46:23.435000+00:00,8.02,9.0,3008,421,,0
1783809983435,2026-07-11T22:46:23.435000+00:00,21.07,22.0,3008,421,,0
1783809983439,2026-07-11T22:46:23.439000+00:00,16.51,17.0,3008,421,,0
1783809983443,2026-07-11T22:46:23.443000+00:00,21.31,22.0,3008,421,,0
1783809983443,2026-07-11T22:46:23.443000+00:00,23.83,24.0,3008,421,,0
1783809983445,2026-07-11T22:46:23.445000+00:00,18.46,19.0,3008,421,,0
1783809983447,2026-07-11T22:46:23.447000+00:00,24.26,25.0,3008,421,,0
1783809983447,2026-07-11T22:46:23.447000+00:00,26.04,27.0,3008,421,,0
1783809983451,2026-07-11T22:46:23.451000+00:00,26.52,27.0,3008,421,,0
1783809983467,2026-07-11T22:46:23.467000+00:00,34.04,35.0,3008,421,,0
1783809983500,2026-07-11T22:46:23.500000+00:00,28.39,29.0,3008,421,,0
1783809983500,2026-07-11T22:46:23.500000+00:00,53.02,54.0,3008,421,,0
1783809983505,2026-07-11T22:46:23.505000+00:00,41.67,42.0,3008,421,,0
1783809984435,2026-07-11T22:46:24.435000+00:00,19.82,20.0,3008,421,,0
1783809984438,2026-07-11T22:46:24.438000+00:00,11.66,12.0,3008,421,,0
1783809984439,2026-07-11T22:46:24.439000+00:00,15.42,16.0,3008,421,,0
1783809984448,2026-07-11T22:46:24.448000+00:00,29.13,30.0,3008,421,,0
1783809984449,2026-07-11T22:46:24.449000+00:00,35.91,36.0,3008,421,,0
1783809984451,2026-07-11T22:46:24.451000+00:00,30.8,31.0,3008,421,,0
1783809984453,2026-07-11T22:46:24.453000+00:00,31.28,32.0,3008,421,,0
1783809984455,2026-07-11T22:46:24.455000+00:00,30.13,31.0,3008,421,,0
1783809984456,2026-07-11T22:46:24.456000+00:00,35.59,36.0,3008,421,,0
1783809984458,2026-07-11T22:46:24.458000+00:00,39.04,40.0,3008,421,,0
1783809985429,2026-07-11T22:46:25.429000+00:00,19.73,20.0,3008,421,,0
1783809985438,2026-07-11T22:46:25.438000+00:00,15.5,16.0,3008,421,,0
1783809985440,2026-07-11T22:46:25.440000+00:00,25.43,26.0,3008,421,,0
1783809985446,2026-07-11T22:46:25.446000+00:00,16.75,17.0,3008,421,,0
1783809985447,2026-07-11T22:46:25.447000+00:00,27.28,28.0,3008,421,,0
1783809985448,2026-07-11T22:46:25.448000+00:00,22.15,23.0,3008,421,,0
1783809985451,2026-07-11T22:46:25.451000+00:00,23.27,24.0,3008,421,,0
1783809985453,2026-07-11T22:46:25.453000+00:00,32.92,33.0,3008,421,,0
1783809985454,2026-07-11T22:46:25.454000+00:00,32.94,33.0,3008,421,,0
1783809985456,2026-07-11T22:46:25.456000+00:00,24.61,25.0,3008,421,,0
1783809985469,2026-07-11T22:46:25.469000+00:00,32.91,33.0,3008,421,,0
1783809986423,2026-07-11T22:46:26.423000+00:00,6.84,7.0,3008,421,,0
1783809986440,2026-07-11T22:46:26.440000+00:00,19.01,20.0,3008,421,,0
1783809986442,2026-07-11T22:46:26.442000+00:00,15.24,16.0,3008,421,,0
1783809986443,2026-07-11T22:46:26.443000+00:00,24.54,25.0,3008,421,,0
1783809986447,2026-07-11T22:46:26.447000+00:00,23.79,24.0,3008,421,,0
1783809986447,2026-07-11T22:46:26.447000+00:00,31.21,32.0,3008,421,,0
1783809986451,2026-07-11T22:46:26.451000+00:00,29.64,30.0,3008,421,,0
1783809986454,2026-07-11T22:46:26.454000+00:00,34.71,35.0,3008,421,,0
1783809986455,2026-07-11T22:46:26.455000+00:00,27.57,28.0,3008,421,,0
1783809986456,2026-07-11T22:46:26.456000+00:00,27.65,28.0,3008,421,,0
1783809986468,2026-07-11T22:46:26.468000+00:00,41.76,42.0,3008,421,,0
1783809986475,2026-07-11T22:46:26.475000+00:00,25.97,26.0,3008,421,,0
1783809987428,2026-07-11T22:46:27.428000+00:00,11.78,12.0,3008,421,,0
1783809987430,2026-07-11T22:46:27.430000+00:00,8.32,9.0,3008,421,,0
1783809987434,2026-07-11T22:46:27.434000+00:00,17.32,18.0,3008,421,,0
1783809987441,2026-07-11T22:46:27.441000+00:00,17.14,18.0,3008,421,,0
1783809987441,2026-07-11T22:46:27.441000+00:00,23.75,24.0,3008,421,,0
1783809987445,2026-07-11T22:46:27.445000+00:00,27.01,28.0,3008,421,,0
1783809987446,2026-07-11T22:46:27.446000+00:00,9.56,10.0,3008,421,,0
1783809987451,2026-07-11T22:46:27.451000+00:00,21.7,22.0,3008,421,,0
1783809987452,2026-07-11T22:46:27.452000+00:00,24.69,25.0,3008,421,,0
1783809987456,2026-07-11T22:46:27.456000+00:00,19.62,20.0,3008,421,,0
1783809987460,2026-07-11T22:46:27.460000+00:00,37.63,38.0,3008,421,,0
1783809987493,2026-07-11T22:46:27.493000+00:00,52.36,53.0,3008,421,,0
1783809987508,2026-07-11T22:46:27.508000+00:00,91.6,92.0,3008,421,,0
1783809988429,2026-07-11T22:46:28.429000+00:00,9.82,10.0,3008,421,,0
1783809988431,2026-07-11T22:46:28.431000+00:00,8.5,9.0,3008,421,,0
1783809988438,2026-07-11T22:46:28.438000+00:00,17.46,18.0,3008,421,,0
1783809988441,2026-07-11T22:46:28.441000+00:00,25.58,26.0,3008,421,,0
1783809988445,2026-07-11T22:46:28.445000+00:00,17.85,18.0,3008,421,,0
1783809988446,2026-07-11T22:46:28.446000+00:00,7.97,8.0,3008,421,,0
1783809988447,2026-07-11T22:46:28.447000+00:00,32.62,33.0,3008,421,,0
1783809988450,2026-07-11T22:46:28.450000+00:00,15.64,16.0,3008,421,,0
1783809988451,2026-07-11T22:46:28.451000+00:00,29.5,30.0,3008,421,,0
1783809988453,2026-07-11T22:46:28.453000+00:00,24.9,25.0,3008,421,,0
1783809988455,2026-07-11T22:46:28.455000+00:00,39.83,40.0,3008,421,,0
1783809988461,2026-07-11T22:46:28.461000+00:00,35.43,36.0,3008,421,,0
1783809988484,2026-07-11T22:46:28.484000+00:00,38.73,39.0,3008,421,,0
1783809989437,2026-07-11T22:46:29.437000+00:00,19.54,20.0,3008,421,,0
1783809989441,2026-07-11T22:46:29.441000+00:00,23.76,24.0,3008,421,,0
1783809989444,2026-07-11T22:46:29.444000+00:00,23.88,24.0,3008,421,,0
1783809989445,2026-07-11T22:46:29.445000+00:00,20.24,21.0,3008,421,,0
1783809989447,2026-07-11T22:46:29.447000+00:00,24.91,25.0,3008,421,,0
1783809989448,2026-07-11T22:46:29.448000+00:00,25.4,26.0,3008,421,,0
1783809989453,2026-07-11T22:46:29.453000+00:00,34.84,35.0,3008,421,,0
1783809989453,2026-07-11T22:46:29.453000+00:00,25.27,26.0,3008,421,,0
1783809989459,2026-07-11T22:46:29.459000+00:00,34.33,35.0,3008,421,,0
1783809989467,2026-07-11T22:46:29.467000+00:00,41.89,42.0,3008,421,,0
1783809990437,2026-07-11T22:46:30.437000+00:00,19.93,20.0,3008,421,,0
1783809990438,2026-07-11T22:46:30.438000+00:00,26.13,27.0,3008,421,,0
1783809990441,2026-07-11T22:46:30.441000+00:00,26.22,27.0,3008,421,,0
1783809990444,2026-07-11T22:46:30.444000+00:00,21.92,22.0,3008,421,,0
1783809990446,2026-07-11T22:46:30.446000+00:00,24.0,25.0,3008,421,,0
1783809990451,2026-07-11T22:46:30.451000+00:00,24.99,25.0,3008,421,,0
1783809990454,2026-07-11T22:46:30.454000+00:00,25.28,26.0,3008,421,,0
1783809990454,2026-07-11T22:46:30.454000+00:00,33.29,34.0,3008,421,,0
1783809990455,2026-07-11T22:46:30.455000+00:00,31.69,32.0,3008,421,,0
1783809990459,2026-07-11T22:46:30.459000+00:00,31.7,32.0,3008,421,,0
1783809991434,2026-07-11T22:46:31.434000+00:00,15.06,16.0,3008,421,,0
1783809991436,2026-07-11T22:46:31.436000+00:00,24.68,25.0,3008,421,,0
1783809991439,2026-07-11T22:46:31.439000+00:00,19.52,20.0,3008,421,,0
1783809991439,2026-07-11T22:46:31.439000+00:00,21.3,22.0,3008,421,,0
1783809991441,2026-07-11T22:46:31.441000+00:00,21.66,22.0,3008,421,,0
1783809991444,2026-07-11T22:46:31.444000+00:00,25.29,26.0,3008,421,,0
1783809991452,2026-07-11T22:46:31.452000+00:00,29.79,30.0,3008,421,,0
1783809991455,2026-07-11T22:46:31.455000+00:00,28.26,29.0,3008,421,,0
1783809991461,2026-07-11T22:46:31.461000+00:00,34.33,35.0,3008,421,,0
1783809991468,2026-07-11T22:46:31.468000+00:00,36.75,37.0,3008,421,,0
1783809992420,2026-07-11T22:46:32.420000+00:00,11.01,12.0,3008,421,,0
1783809992439,2026-07-11T22:46:32.439000+00:00,17.45,18.0,3008,421,,0
1783809992445,2026-07-11T22:46:32.445000+00:00,24.63,25.0,3008,421,,0
1783809992447,2026-07-11T22:46:32.447000+00:00,20.18,21.0,3008,421,,0
1783809992453,2026-07-11T22:46:32.453000+00:00,26.04,27.0,3008,421,,0
1783809992453,2026-07-11T22:46:32.453000+00:00,37.37,38.0,3008,421,,0
1783809992455,2026-07-11T22:46:32.455000+00:00,38.1,39.0,3008,421,,0
1783809992458,2026-07-11T22:46:32.458000+00:00,38.57,39.0,3008,421,,0
1783809992459,2026-07-11T22:46:32.459000+00:00,30.92,31.0,3008,421,,0
1783809992467,2026-07-11T22:46:32.467000+00:00,41.76,42.0,3008,421,,0
1783809992476,2026-07-11T22:46:32.476000+00:00,58.19,59.0,3008,421,,0
1783809993427,2026-07-11T22:46:33.427000+00:00,8.13,9.0,3008,421,,0
1783809993444,2026-07-11T22:46:33.444000+00:00,36.01,37.0,3008,421,,0
1783809993444,2026-07-11T22:46:33.444000+00:00,9.56,10.0,3008,421,,0
1783809993446,2026-07-11T22:46:33.446000+00:00,28.63,29.0,3008,421,,0
1783809993449,2026-07-11T22:46:33.449000+00:00,20.7,21.0,3008,421,,0
1783809993450,2026-07-11T22:46:33.450000+00:00,34.18,35.0,3008,421,,0
1783809993451,2026-07-11T22:46:33.451000+00:00,24.91,25.0,3008,421,,0
1783809993455,2026-07-11T22:46:33.455000+00:00,36.02,37.0,3008,421,,0
1783809993455,2026-07-11T22:46:33.455000+00:00,33.77,34.0,3008,421,,0
1783809993455,2026-07-11T22:46:33.455000+00:00,23.49,24.0,3008,421,,0
1783809993457,2026-07-11T22:46:33.457000+00:00,38.84,39.0,3008,421,,0
1783809994433,2026-07-11T22:46:34.433000+00:00,21.61,22.0,3008,421,,0
1783809994435,2026-07-11T22:46:34.435000+00:00,7.57,8.0,3008,421,,0
1783809994436,2026-07-11T22:46:34.436000+00:00,18.12,19.0,3008,421,,0
1783809994441,2026-07-11T22:46:34.441000+00:00,23.49,24.0,3008,421,,0
1783809994446,2026-07-11T22:46:34.446000+00:00,19.98,20.0,3008,421,,0
1783809994452,2026-07-11T22:46:34.452000+00:00,30.83,31.0,3008,421,,0
1783809994455,2026-07-11T22:46:34.455000+00:00,34.91,35.0,3008,421,,0
1783809994457,2026-07-11T22:46:34.457000+00:00,27.89,28.0,3008,421,,0
1783809994461,2026-07-11T22:46:34.461000+00:00,38.48,39.0,3008,421,,0
1783809994466,2026-07-11T22:46:34.466000+00:00,46.7,47.0,3008,421,,0
1783809994479,2026-07-11T22:46:34.479000+00:00,34.9,35.0,3008,421,,0
1783809995435,2026-07-11T22:46:35.435000+00:00,7.76,8.0,3008,421,,0
1783809995440,2026-07-11T22:46:35.440000+00:00,18.76,19.0,3008,421,,0
1783809995441,2026-07-11T22:46:35.441000+00:00,18.57,19.0,3008,421,,0
1783809995443,2026-07-11T22:46:35.443000+00:00,24.87,25.0,3008,421,,0
1783809995445,2026-07-11T22:46:35.445000+00:00,25.99,26.0,3008,421,,0
1783809995447,2026-07-11T22:46:35.447000+00:00,18.96,19.0,3008,421,,0
1783809995447,2026-07-11T22:46:35.447000+00:00,19.07,20.0,3008,421,,0
1783809995448,2026-07-11T22:46:35.448000+00:00,28.43,29.0,3008,421,,0
1783809995451,2026-07-11T22:46:35.451000+00:00,35.23,36.0,3008,421,,0
1783809995457,2026-07-11T22:46:35.457000+00:00,32.67,33.0,3008,421,,0
1783809995491,2026-07-11T22:46:35.491000+00:00,47.62,48.0,3008,421,,0
1783809996433,2026-07-11T22:46:36.433000+00:00,16.73,17.0,3008,421,,0
1783809996436,2026-07-11T22:46:36.436000+00:00,18.59,19.0,3008,421,,0
1783809996437,2026-07-11T22:46:36.437000+00:00,16.25,17.0,3008,421,,0
1783809996441,2026-07-11T22:46:36.441000+00:00,21.83,22.0,3008,421,,0
1783809996443,2026-07-11T22:46:36.443000+00:00,19.12,20.0,3008,421,,0
1783809996444,2026-07-11T22:46:36.444000+00:00,33.76,34.0,3008,421,,0
1783809996447,2026-07-11T22:46:36.447000+00:00,22.12,23.0,3008,421,,0
1783809996447,2026-07-11T22:46:36.447000+00:00,29.92,30.0,3008,421,,0
1783809996449,2026-07-11T22:46:36.449000+00:00,19.61,20.0,3008,421,,0
1783809996455,2026-07-11T22:46:36.455000+00:00,30.39,31.0,3008,421,,0
1783809997440,2026-07-11T22:46:37.440000+00:00,16.95,17.0,3008,421,,0
1783809997443,2026-07-11T22:46:37.443000+00:00,26.2,27.0,3008,421,,0
1783809997443,2026-07-11T22:46:37.443000+00:00,18.19,19.0,3008,421,,0
1783809997443,2026-07-11T22:46:37.443000+00:00,20.5,21.0,3008,421,,0
1783809997445,2026-07-11T22:46:37.445000+00:00,28.59,29.0,3008,421,,0
1783809997447,2026-07-11T22:46:37.447000+00:00,31.77,32.0,3008,421,,0
1783809997451,2026-07-11T22:46:37.451000+00:00,26.13,27.0,3008,421,,0
1783809997453,2026-07-11T22:46:37.453000+00:00,26.86,27.0,3008,421,,0
1783809997455,2026-07-11T22:46:37.455000+00:00,43.15,44.0,3008,421,,0
1783809997455,2026-07-11T22:46:37.455000+00:00,24.01,25.0,3008,421,,0
1783809998423,2026-07-11T22:46:38.423000+00:00,7.91,8.0,3008,421,,0
1783809998441,2026-07-11T22:46:38.441000+00:00,20.94,21.0,3008,421,,0
1783809998441,2026-07-11T22:46:38.441000+00:00,25.21,26.0,3008,421,,0
1783809998443,2026-07-11T22:46:38.443000+00:00,24.06,25.0,3008,421,,0
1783809998444,2026-07-11T22:46:38.444000+00:00,15.06,16.0,3008,421,,0
1783809998446,2026-07-11T22:46:38.446000+00:00,22.12,23.0,3008,421,,0
1783809998446,2026-07-11T22:46:38.446000+00:00,19.95,20.0,3008,421,,0
1783809998449,2026-07-11T22:46:38.449000+00:00,20.43,21.0,3008,421,,0
1783809998450,2026-07-11T22:46:38.450000+00:00,28.02,29.0,3008,421,,0
1783809998452,2026-07-11T22:46:38.452000+00:00,26.12,27.0,3008,421,,0
1783809998463,2026-07-11T22:46:38.463000+00:00,26.32,27.0,3008,421,,0
1783809999438,2026-07-11T22:46:39.438000+00:00,27.2,28.0,3008,421,,0
1783809999442,2026-07-11T22:46:39.442000+00:00,20.82,21.0,3008,421,,0
1783809999443,2026-07-11T22:46:39.443000+00:00,24.85,25.0,3008,421,,0
1783809999444,2026-07-11T22:46:39.444000+00:00,27.73,28.0,3008,421,,0
1783809999444,2026-07-11T22:46:39.444000+00:00,16.18,17.0,3008,421,,0
1783809999444,2026-07-11T22:46:39.444000+00:00,18.98,19.0,3008,421,,0
1783809999447,2026-07-11T22:46:39.447000+00:00,22.48,23.0,3008,421,,0
1783809999447,2026-07-11T22:46:39.447000+00:00,21.09,22.0,3008,421,,0
1783809999448,2026-07-11T22:46:39.448000+00:00,26.81,27.0,3008,421,,0
1783809999463,2026-07-11T22:46:39.463000+00:00,34.94,35.0,3008,421,,0
1783810000426,2026-07-11T22:46:40.426000+00:00,10.85,11.0,3008,421,,0
1783810000435,2026-07-11T22:46:40.435000+00:00,8.31,9.0,3008,421,,0
1783810000443,2026-07-11T22:46:40.443000+00:00,20.74,21.0,3008,421,,0
1783810000443,2026-07-11T22:46:40.443000+00:00,26.57,27.0,3008,421,,0
1783810000444,2026-07-11T22:46:40.444000+00:00,23.48,24.0,3008,421,,0
1783810000450,2026-07-11T22:46:40.450000+00:00,30.46,31.0,3008,421,,0
1783810000455,2026-07-11T22:46:40.455000+00:00,31.16,32.0,3008,421,,0
1783810000455,2026-07-11T22:46:40.455000+00:00,36.19,37.0,3008,421,,0
1783810000457,2026-07-11T22:46:40.457000+00:00,31.75,32.0,3008,421,,0
1783810000458,2026-07-11T22:46:40.458000+00:00,34.92,35.0,3008,421,,0
1783810000459,2026-07-11T22:46:40.459000+00:00,14.76,15.0,3008,421,,0
1783810000482,2026-07-11T22:46:40.482000+00:00,44.31,45.0,3008,421,,0
1783810000513,2026-07-11T22:46:40.513000+00:00,46.59,47.0,3008,421,,0
1783810001426,2026-07-11T22:46:41.426000+00:00,11.36,12.0,3008,421,,0
1783810001437,2026-07-11T22:46:41.437000+00:00,25.57,26.0,3008,421,,0
1783810001441,2026-07-11T22:46:41.441000+00:00,21.87,22.0,3008,421,,0
1783810001444,2026-07-11T22:46:41.444000+00:00,17.15,18.0,3008,421,,0
1783810001444,2026-07-11T22:46:41.444000+00:00,28.67,29.0,3008,421,,0
1783810001445,2026-07-11T22:46:41.445000+00:00,27.85,28.0,3008,421,,0
1783810001447,2026-07-11T22:46:41.447000+00:00,16.4,17.0,3008,421,,0
1783810001449,2026-07-11T22:46:41.449000+00:00,24.25,25.0,3008,421,,0
1783810001458,2026-07-11T22:46:41.458000+00:00,35.45,36.0,3008,421,,0
1783810001460,2026-07-11T22:46:41.460000+00:00,33.8,34.0,3008,421,,0
1783810001480,2026-07-11T22:46:41.480000+00:00,43.57,44.0,3008,421,,0
1783810002441,2026-07-11T22:46:42.441000+00:00,18.1,19.0,3008,421,,0
1783810002441,2026-07-11T22:46:42.441000+00:00,32.17,33.0,3008,421,,0
1783810002446,2026-07-11T22:46:42.446000+00:00,20.2,21.0,3008,421,,0
1783810002447,2026-07-11T22:46:42.447000+00:00,32.5,33.0,3008,421,,0
1783810002450,2026-07-11T22:46:42.450000+00:00,31.64,32.0,3008,421,,0
1783810002450,2026-07-11T22:46:42.450000+00:00,30.05,31.0,3008,421,,0
1783810002451,2026-07-11T22:46:42.451000+00:00,31.28,32.0,3008,421,,0
1783810002454,2026-07-11T22:46:42.454000+00:00,25.88,26.0,3008,421,,0
1783810002461,2026-07-11T22:46:42.461000+00:00,32.85,33.0,3008,421,,0
1783810002461,2026-07-11T22:46:42.461000+00:00,42.65,43.0,3008,421,,0
1783810003437,2026-07-11T22:46:43.437000+00:00,20.11,21.0,3008,421,,0
1783810003438,2026-07-11T22:46:43.438000+00:00,9.87,10.0,3008,421,,0
1783810003439,2026-07-11T22:46:43.439000+00:00,22.1,23.0,3008,421,,0
1783810003440,2026-07-11T22:46:43.440000+00:00,19.94,20.0,3008,421,,0
1783810003445,2026-07-11T22:46:43.445000+00:00,22.97,23.0,3008,421,,0
1783810003447,2026-07-11T22:46:43.447000+00:00,20.1,21.0,3008,421,,0
1783810003447,2026-07-11T22:46:43.447000+00:00,29.21,30.0,3008,421,,0
1783810003449,2026-07-11T22:46:43.449000+00:00,24.14,25.0,3008,421,,0
1783810003452,2026-07-11T22:46:43.452000+00:00,25.17,26.0,3008,421,,0
1783810003462,2026-07-11T22:46:43.462000+00:00,39.3,40.0,3008,421,,0
1783810004436,2026-07-11T22:46:44.436000+00:00,20.28,21.0,3008,421,,0
1783810004438,2026-07-11T22:46:44.438000+00:00,16.73,17.0,3008,421,,0
1783810004439,2026-07-11T22:46:44.439000+00:00,23.32,24.0,3008,421,,0
1783810004439,2026-07-11T22:46:44.439000+00:00,23.14,24.0,3008,421,,0
1783810004440,2026-07-11T22:46:44.440000+00:00,20.02,21.0,3008,421,,0
1783810004441,2026-07-11T22:46:44.441000+00:00,15.76,16.0,3008,421,,0
1783810004442,2026-07-11T22:46:44.442000+00:00,19.68,20.0,3008,421,,0
1783810004447,2026-07-11T22:46:44.447000+00:00,27.59,28.0,3008,421,,0
1783810004455,2026-07-11T22:46:44.455000+00:00,29.72,30.0,3008,421,,0
1783810004461,2026-07-11T22:46:44.461000+00:00,34.6,35.0,3008,421,,0
1783810005428,2026-07-11T22:46:45.428000+00:00,10.16,11.0,3008,421,,0
1783810005433,2026-07-11T22:46:45.433000+00:00,16.66,17.0,3008,421,,0
1783810005435,2026-07-11T22:46:45.435000+00:00,22.6,23.0,3008,421,,0
1783810005438,2026-07-11T22:46:45.438000+00:00,17.16,18.0,3008,421,,0
1783810005442,2026-07-11T22:46:45.442000+00:00,20.98,21.0,3008,421,,0
1783810005443,2026-07-11T22:46:45.443000+00:00,25.09,26.0,3008,421,,0
1783810005447,2026-07-11T22:46:45.447000+00:00,20.86,21.0,3008,421,,0
1783810005464,2026-07-11T22:46:45.464000+00:00,8.33,9.0,3008,421,,0
1783810005469,2026-07-11T22:46:45.469000+00:00,27.33,28.0,3008,421,,0
1783810005469,2026-07-11T22:46:45.469000+00:00,16.12,17.0,3008,421,,0
1783810005474,2026-07-11T22:46:45.474000+00:00,19.09,20.0,3008,421,,0
1783810005475,2026-07-11T22:46:45.475000+00:00,26.33,27.0,3008,421,,0
1783810005475,2026-07-11T22:46:45.475000+00:00,24.62,25.0,3008,421,,0
1783810005476,2026-07-11T22:46:45.476000+00:00,22.69,23.0,3008,421,,0
1783810005479,2026-07-11T22:46:45.479000+00:00,26.72,27.0,3008,421,,0
1783810005481,2026-07-11T22:46:45.481000+00:00,28.96,29.0,3008,421,,0
1783810005481,2026-07-11T22:46:45.481000+00:00,29.99,30.0,3008,421,,0
1783810006430,2026-07-11T22:46:46.430000+00:00,8.99,9.0,3008,421,,0
1783810006439,2026-07-11T22:46:46.439000+00:00,11.86,12.0,3008,421,,0
1783810006441,2026-07-11T22:46:46.441000+00:00,30.46,31.0,3008,421,,0
1783810006443,2026-07-11T22:46:46.443000+00:00,17.72,18.0,3008,421,,0
1783810006447,2026-07-11T22:46:46.447000+00:00,24.0,24.0,3008,421,,0
1783810006447,2026-07-11T22:46:46.447000+00:00,21.63,22.0,3008,421,,0
1783810006448,2026-07-11T22:46:46.448000+00:00,23.67,24.0,3008,421,,0
1783810006450,2026-07-11T22:46:46.450000+00:00,22.06,23.0,3008,421,,0
1783810006453,2026-07-11T22:46:46.453000+00:00,34.78,35.0,3008,421,,0
1783810006455,2026-07-11T22:46:46.455000+00:00,30.59,31.0,3008,421,,0
1783810006483,2026-07-11T22:46:46.483000+00:00,45.76,46.0,3008,421,,0
1783810007439,2026-07-11T22:46:47.439000+00:00,20.61,21.0,3008,421,,0
1783810007440,2026-07-11T22:46:47.440000+00:00,27.6,28.0,3008,421,,0
1783810007441,2026-07-11T22:46:47.441000+00:00,14.82,15.0,3008,421,,0
1783810007441,2026-07-11T22:46:47.441000+00:00,18.18,19.0,3008,421,,0
1783810007445,2026-07-11T22:46:47.445000+00:00,26.95,27.0,3008,421,,0
1783810007448,2026-07-11T22:46:47.448000+00:00,36.02,37.0,3008,421,,0
1783810007453,2026-07-11T22:46:47.453000+00:00,25.02,26.0,3008,421,,0
1783810007460,2026-07-11T22:46:47.460000+00:00,32.63,33.0,3008,421,,0
1783810007464,2026-07-11T22:46:47.464000+00:00,43.81,44.0,3008,421,,0
1783810007473,2026-07-11T22:46:47.473000+00:00,39.73,40.0,3008,421,,0
1783810008426,2026-07-11T22:46:48.426000+00:00,7.16,8.0,3008,421,,0
1783810008433,2026-07-11T22:46:48.433000+00:00,22.19,23.0,3008,421,,0
1783810008439,2026-07-11T22:46:48.439000+00:00,21.58,22.0,3008,421,,0
1783810008441,2026-07-11T22:46:48.441000+00:00,18.68,19.0,3008,421,,0
1783810008442,2026-07-11T22:46:48.442000+00:00,24.0,25.0,3008,421,,0
1783810008444,2026-07-11T22:46:48.444000+00:00,27.66,28.0,3008,421,,0
1783810008453,2026-07-11T22:46:48.453000+00:00,30.16,31.0,3008,421,,0
1783810008455,2026-07-11T22:46:48.455000+00:00,27.52,28.0,3008,421,,0
1783810008457,2026-07-11T22:46:48.457000+00:00,35.58,36.0,3008,421,,0
1783810008459,2026-07-11T22:46:48.459000+00:00,30.37,31.0,3008,421,,0
1783810008473,2026-07-11T22:46:48.473000+00:00,27.52,28.0,3008,421,,0
1783810008508,2026-07-11T22:46:48.508000+00:00,67.58,68.0,3008,421,,0
1783810009438,2026-07-11T22:46:49.438000+00:00,16.87,17.0,3008,421,,0
1783810009439,2026-07-11T22:46:49.439000+00:00,18.28,19.0,3008,421,,0
1783810009443,2026-07-11T22:46:49.443000+00:00,31.36,32.0,3008,421,,0
1783810009444,2026-07-11T22:46:49.444000+00:00,21.88,22.0,3008,421,,0
1783810009445,2026-07-11T22:46:49.445000+00:00,22.32,23.0,3008,421,,0
1783810009446,2026-07-11T22:46:49.446000+00:00,29.67,30.0,3008,421,,0
1783810009447,2026-07-11T22:46:49.447000+00:00,29.49,30.0,3008,421,,0
1783810009449,2026-07-11T22:46:49.449000+00:00,30.51,31.0,3008,421,,0
1783810009450,2026-07-11T22:46:49.450000+00:00,22.96,23.0,3008,421,,0
1783810009452,2026-07-11T22:46:49.452000+00:00,26.19,27.0,3008,421,,0
1783810010432,2026-07-11T22:46:50.432000+00:00,10.78,11.0,3008,421,,0
1783810010433,2026-07-11T22:46:50.433000+00:00,12.86,13.0,3008,421,,0
1783810010436,2026-07-11T22:46:50.436000+00:00,18.22,19.0,3008,421,,0
1783810010437,2026-07-11T22:46:50.437000+00:00,20.25,21.0,3008,421,,0
1783810010438,2026-07-11T22:46:50.438000+00:00,17.86,18.0,3008,421,,0
1783810010439,2026-07-11T22:46:50.439000+00:00,19.3,20.0,3008,421,,0
1783810010440,2026-07-11T22:46:50.440000+00:00,25.34,26.0,3008,421,,0
1783810010444,2026-07-11T22:46:50.444000+00:00,17.4,18.0,3008,421,,0
1783810010447,2026-07-11T22:46:50.447000+00:00,30.62,31.0,3008,421,,0
1783810010453,2026-07-11T22:46:50.453000+00:00,26.76,27.0,3008,421,,0
1783810010462,2026-07-11T22:46:50.462000+00:00,23.13,24.0,3008,421,,0
1783810010503,2026-07-11T22:46:50.503000+00:00,64.08,65.0,3008,421,,0
1783810011428,2026-07-11T22:46:51.428000+00:00,7.58,8.0,3008,421,,0
1783810011441,2026-07-11T22:46:51.441000+00:00,19.58,20.0,3008,421,,0
1783810011443,2026-07-11T22:46:51.443000+00:00,25.86,26.0,3008,421,,0
1783810011443,2026-07-11T22:46:51.443000+00:00,17.04,18.0,3008,421,,0
1783810011448,2026-07-11T22:46:51.448000+00:00,22.66,23.0,3008,421,,0
1783810011449,2026-07-11T22:46:51.449000+00:00,28.29,29.0,3008,421,,0
1783810011451,2026-07-11T22:46:51.451000+00:00,24.67,25.0,3008,421,,0
1783810011453,2026-07-11T22:46:51.453000+00:00,28.29,29.0,3008,421,,0
1783810011454,2026-07-11T22:46:51.454000+00:00,35.18,36.0,3008,421,,0
1783810011462,2026-07-11T22:46:51.462000+00:00,27.57,28.0,3008,421,,0
1783810011464,2026-07-11T22:46:51.464000+00:00,40.79,41.0,3008,421,,0
1783810012417,2026-07-11T22:46:52.417000+00:00,6.26,7.0,3008,421,,0
1783810012424,2026-07-11T22:46:52.424000+00:00,8.09,9.0,3008,421,,0
1783810012425,2026-07-11T22:46:52.425000+00:00,9.26,10.0,3008,421,,0
1783810012441,2026-07-11T22:46:52.441000+00:00,24.59,25.0,3008,421,,0
1783810012443,2026-07-11T22:46:52.443000+00:00,24.19,25.0,3008,421,,0
1783810012446,2026-07-11T22:46:52.446000+00:00,19.23,20.0,3008,421,,0
1783810012447,2026-07-11T22:46:52.447000+00:00,25.8,26.0,3008,421,,0
1783810012450,2026-07-11T22:46:52.450000+00:00,24.05,25.0,3008,421,,0
1783810012454,2026-07-11T22:46:52.454000+00:00,23.32,24.0,3008,421,,0
1783810012466,2026-07-11T22:46:52.466000+00:00,39.58,40.0,3008,421,,0
1783810012466,2026-07-11T22:46:52.466000+00:00,43.17,44.0,3008,421,,0
1783810012474,2026-07-11T22:46:52.474000+00:00,41.66,42.0,3008,421,,0
1783810012474,2026-07-11T22:46:52.474000+00:00,32.25,33.0,3008,421,,0
1783810013426,2026-07-11T22:46:53.426000+00:00,9.27,10.0,3008,421,,0
1783810013439,2026-07-11T22:46:53.439000+00:00,22.89,23.0,3008,421,,0
1783810013440,2026-07-11T22:46:53.440000+00:00,24.6,25.0,3008,421,,0
1783810013443,2026-07-11T22:46:53.443000+00:00,16.53,17.0,3008,421,,0
1783810013447,2026-07-11T22:46:53.447000+00:00,21.99,22.0,3008,421,,0
1783810013448,2026-07-11T22:46:53.448000+00:00,25.77,26.0,3008,421,,0
1783810013448,2026-07-11T22:46:53.448000+00:00,32.04,33.0,3008,421,,0
1783810013449,2026-07-11T22:46:53.449000+00:00,34.66,35.0,3008,421,,0
1783810013450,2026-07-11T22:46:53.450000+00:00,14.56,15.0,3008,421,,0
1783810013457,2026-07-11T22:46:53.457000+00:00,35.85,36.0,3008,421,,0
1783810013459,2026-07-11T22:46:53.459000+00:00,33.45,34.0,3008,421,,0
1783810014425,2026-07-11T22:46:54.425000+00:00,7.24,8.0,3008,421,,0
1783810014434,2026-07-11T22:46:54.434000+00:00,12.16,13.0,3008,421,,0
1783810014437,2026-07-11T22:46:54.437000+00:00,16.23,17.0,3008,421,,0
1783810014438,2026-07-11T22:46:54.438000+00:00,18.52,19.0,3008,421,,0
1783810014444,2026-07-11T22:46:54.444000+00:00,33.8,34.0,3008,421,,0
1783810014445,2026-07-11T22:46:54.445000+00:00,16.99,17.0,3008,421,,0
1783810014446,2026-07-11T22:46:54.446000+00:00,14.76,15.0,3008,421,,0
1783810014453,2026-07-11T22:46:54.453000+00:00,27.0,27.0,3008,421,,0
1783810014455,2026-07-11T22:46:54.455000+00:00,23.59,24.0,3008,421,,0
1783810014461,2026-07-11T22:46:54.461000+00:00,35.01,36.0,3008,421,,0
1783810014464,2026-07-11T22:46:54.464000+00:00,35.89,36.0,3008,421,,0
1783810014466,2026-07-11T22:46:54.466000+00:00,26.22,27.0,3008,421,,0
1783810015438,2026-07-11T22:46:55.438000+00:00,18.03,19.0,3008,421,,0
1783810015442,2026-07-11T22:46:55.442000+00:00,23.42,24.0,3008,421,,0
1783810015444,2026-07-11T22:46:55.444000+00:00,23.62,24.0,3008,421,,0
1783810015444,2026-07-11T22:46:55.444000+00:00,27.62,28.0,3008,421,,0
1783810015445,2026-07-11T22:46:55.445000+00:00,24.44,25.0,3008,421,,0
1783810015448,2026-07-11T22:46:55.448000+00:00,27.36,28.0,3008,421,,0
1783810015449,2026-07-11T22:46:55.449000+00:00,23.59,24.0,3008,421,,0
1783810015451,2026-07-11T22:46:55.451000+00:00,29.35,30.0,3008,421,,0
1783810015455,2026-07-11T22:46:55.455000+00:00,28.89,29.0,3008,421,,0
1783810015464,2026-07-11T22:46:55.464000+00:00,40.3,41.0,3008,421,,0
1783810016430,2026-07-11T22:46:56.430000+00:00,10.59,11.0,3008,421,,0
1783810016433,2026-07-11T22:46:56.433000+00:00,16.14,17.0,3008,421,,0
1783810016433,2026-07-11T22:46:56.433000+00:00,15.73,16.0,3008,421,,0
1783810016436,2026-07-11T22:46:56.436000+00:00,19.55,20.0,3008,421,,0
1783810016444,2026-07-11T22:46:56.444000+00:00,28.14,29.0,3008,421,,0
1783810016444,2026-07-11T22:46:56.444000+00:00,20.99,21.0,3008,421,,0
1783810016447,2026-07-11T22:46:56.447000+00:00,10.43,11.0,3008,421,,0
1783810016449,2026-07-11T22:46:56.449000+00:00,30.55,31.0,3008,421,,0
1783810016451,2026-07-11T22:46:56.451000+00:00,24.91,25.0,3008,421,,0
1783810016453,2026-07-11T22:46:56.453000+00:00,24.27,25.0,3008,421,,0
1783810016469,2026-07-11T22:46:56.469000+00:00,41.54,42.0,3008,421,,0
1783810016471,2026-07-11T22:46:56.471000+00:00,33.19,34.0,3008,421,,0
1783810017424,2026-07-11T22:46:57.424000+00:00,7.84,8.0,3008,421,,0
1783810017438,2026-07-11T22:46:57.438000+00:00,16.26,17.0,3008,421,,0
1783810017438,2026-07-11T22:46:57.438000+00:00,18.94,19.0,3008,421,,0
1783810017443,2026-07-11T22:46:57.443000+00:00,30.78,31.0,3008,421,,0
1783810017443,2026-07-11T22:46:57.443000+00:00,21.07,22.0,3008,421,,0
1783810017445,2026-07-11T22:46:57.445000+00:00,17.55,18.0,3008,421,,0
1783810017445,2026-07-11T22:46:57.445000+00:00,19.98,20.0,3008,421,,0
1783810017446,2026-07-11T22:46:57.446000+00:00,14.03,15.0,3008,421,,0
1783810017451,2026-07-11T22:46:57.451000+00:00,25.38,26.0,3008,421,,0
1783810017457,2026-07-11T22:46:57.457000+00:00,31.25,32.0,3008,421,,0
1783810017459,2026-07-11T22:46:57.459000+00:00,32.9,33.0,3008,421,,0
1783810018438,2026-07-11T22:46:58.438000+00:00,19.25,20.0,3008,421,,0
1783810018441,2026-07-11T22:46:58.441000+00:00,17.44,18.0,3008,421,,0
1783810018443,2026-07-11T22:46:58.443000+00:00,32.0,32.0,3008,421,,0
1783810018444,2026-07-11T22:46:58.444000+00:00,16.76,17.0,3008,421,,0
1783810018444,2026-07-11T22:46:58.444000+00:00,21.24,22.0,3008,421,,0
1783810018453,2026-07-11T22:46:58.453000+00:00,29.72,30.0,3008,421,,0
1783810018455,2026-07-11T22:46:58.455000+00:00,32.0,33.0,3008,421,,0
1783810018455,2026-07-11T22:46:58.455000+00:00,28.46,29.0,3008,421,,0
1783810018456,2026-07-11T22:46:58.456000+00:00,29.73,30.0,3008,421,,0
1783810018459,2026-07-11T22:46:58.459000+00:00,37.52,38.0,3008,421,,0
1783810019438,2026-07-11T22:46:59.438000+00:00,18.57,19.0,3008,421,,0
1783810019438,2026-07-11T22:46:59.438000+00:00,23.29,24.0,3008,421,,0
1783810019438,2026-07-11T22:46:59.438000+00:00,19.09,20.0,3008,421,,0
1783810019439,2026-07-11T22:46:59.439000+00:00,21.65,22.0,3008,421,,0
1783810019443,2026-07-11T22:46:59.443000+00:00,25.93,26.0,3008,421,,0
1783810019450,2026-07-11T22:46:59.450000+00:00,24.39,25.0,3008,421,,0
1783810019454,2026-07-11T22:46:59.454000+00:00,24.73,25.0,3008,421,,0
1783810019459,2026-07-11T22:46:59.459000+00:00,29.42,30.0,3008,421,,0
1783810019462,2026-07-11T22:46:59.462000+00:00,35.31,36.0,3008,421,,0
1783810019464,2026-07-11T22:46:59.464000+00:00,37.9,38.0,3008,421,,0
1783810020435,2026-07-11T22:47:00.435000+00:00,24.31,25.0,3008,421,,0
1783810020438,2026-07-11T22:47:00.438000+00:00,24.23,25.0,3008,421,,0
1783810020444,2026-07-11T22:47:00.444000+00:00,27.51,28.0,3008,421,,0
1783810020444,2026-07-11T22:47:00.444000+00:00,17.97,18.0,3008,421,,0
1783810020451,2026-07-11T22:47:00.451000+00:00,24.5,25.0,3008,421,,0
1783810020453,2026-07-11T22:47:00.453000+00:00,26.54,27.0,3008,421,,0
1783810020454,2026-07-11T22:47:00.454000+00:00,37.56,38.0,3008,421,,0
1783810020455,2026-07-11T22:47:00.455000+00:00,26.41,27.0,3008,421,,0
1783810020460,2026-07-11T22:47:00.460000+00:00,20.23,21.0,3008,421,,0
1783810020464,2026-07-11T22:47:00.464000+00:00,35.09,36.0,3008,421,,0
1783810021433,2026-07-11T22:47:01.433000+00:00,7.43,8.0,3008,421,,0
1783810021441,2026-07-11T22:47:01.441000+00:00,18.22,19.0,3008,421,,0
1783810021443,2026-07-11T22:47:01.443000+00:00,24.31,25.0,3008,421,,0
1783810021445,2026-07-11T22:47:01.445000+00:00,14.16,15.0,3008,421,,0
1783810021452,2026-07-11T22:47:01.452000+00:00,22.04,23.0,3008,421,,0
1783810021453,2026-07-11T22:47:01.453000+00:00,43.34,44.0,3008,421,,0
1783810021455,2026-07-11T22:47:01.455000+00:00,24.33,25.0,3008,421,,0
1783810021460,2026-07-11T22:47:01.460000+00:00,30.68,31.0,3008,421,,0
1783810021470,2026-07-11T22:47:01.470000+00:00,53.12,54.0,3008,421,,0
1783810021472,2026-07-11T22:47:01.472000+00:00,36.87,37.0,3008,421,,0
1783810021490,2026-07-11T22:47:01.490000+00:00,48.29,49.0,3008,421,,0
1783810022434,2026-07-11T22:47:02.434000+00:00,17.2,18.0,3008,421,,0
1783810022441,2026-07-11T22:47:02.441000+00:00,15.33,16.0,3008,421,,0
1783810022444,2026-07-11T22:47:02.444000+00:00,32.22,33.0,3008,421,,0
1783810022446,2026-07-11T22:47:02.446000+00:00,22.05,23.0,3008,421,,0
1783810022447,2026-07-11T22:47:02.447000+00:00,26.09,27.0,3008,421,,0
1783810022448,2026-07-11T22:47:02.448000+00:00,32.66,33.0,3008,421,,0
1783810022451,2026-07-11T22:47:02.451000+00:00,25.06,26.0,3008,421,,0
1783810022453,2026-07-11T22:47:02.453000+00:00,27.82,28.0,3008,421,,0
1783810022463,2026-07-11T22:47:02.463000+00:00,17.96,18.0,3008,421,,0
1783810022463,2026-07-11T22:47:02.463000+00:00,26.44,27.0,3008,421,,0
1783810022469,2026-07-11T22:47:02.469000+00:00,23.91,24.0,3008,421,,0
1783810023448,2026-07-11T22:47:03.448000+00:00,17.37,18.0,3008,421,,0
1783810023449,2026-07-11T22:47:03.449000+00:00,34.25,35.0,3008,421,,0
1783810023451,2026-07-11T22:47:03.451000+00:00,7.74,8.0,3008,421,,0
1783810023453,2026-07-11T22:47:03.453000+00:00,34.48,35.0,3008,421,,0
1783810023457,2026-07-11T22:47:03.457000+00:00,31.68,32.0,3008,421,,0
1783810023460,2026-07-11T22:47:03.460000+00:00,21.11,22.0,3008,421,,0
1783810023460,2026-07-11T22:47:03.460000+00:00,36.22,37.0,3008,421,,0
1783810023467,2026-07-11T22:47:03.467000+00:00,39.64,40.0,3008,421,,0
1783810023468,2026-07-11T22:47:03.468000+00:00,37.33,38.0,3008,421,,0
1783810024432,2026-07-11T22:47:04.432000+00:00,21.38,22.0,3008,421,,0
1783810024438,2026-07-11T22:47:04.438000+00:00,15.04,16.0,3008,421,,0
1783810024445,2026-07-11T22:47:04.445000+00:00,8.34,9.0,3008,421,,0
1783810024447,2026-07-11T22:47:04.447000+00:00,16.93,17.0,3008,421,,0
1783810024452,2026-07-11T22:47:04.452000+00:00,25.05,26.0,3008,421,,0
1783810024457,2026-07-11T22:47:04.457000+00:00,26.35,27.0,3008,421,,0
1783810024465,2026-07-11T22:47:04.465000+00:00,35.41,36.0,3008,421,,0
1783810024468,2026-07-11T22:47:04.468000+00:00,27.91,28.0,3008,421,,0
1783810025432,2026-07-11T22:47:05.432000+00:00,24.12,25.0,3008,421,,0
1783810025442,2026-07-11T22:47:05.442000+00:00,17.73,18.0,3008,421,,0
1783810025442,2026-07-11T22:47:05.442000+00:00,23.14,24.0,3008,421,,0
1783810025456,2026-07-11T22:47:05.456000+00:00,23.46,24.0,3008,421,,0
1783810025467,2026-07-11T22:47:05.467000+00:00,22.86,23.0,3008,421,,0
1783810025479,2026-07-11T22:47:05.479000+00:00,50.81,51.0,3008,421,,0
1783810026455,2026-07-11T22:47:06.455000+00:00,23.98,24.0,3008,421,,0
1783810026457,2026-07-11T22:47:06.457000+00:00,21.26,22.0,3008,421,,0
1783810026460,2026-07-11T22:47:06.460000+00:00,35.53,36.0,3008,421,,0
1783810026479,2026-07-11T22:47:06.479000+00:00,59.55,60.0,3008,421,,0
1783810027441,2026-07-11T22:47:07.441000+00:00,17.34,18.0,3008,421,,0
1783810027465,2026-07-11T22:47:07.465000+00:00,30.73,31.0,3008,421,,0
1783810027467,2026-07-11T22:47:07.467000+00:00,41.19,42.0,3008,421,,0
1783810028479,2026-07-11T22:47:08.479000+00:00,36.77,37.0,3008,421,,0
1783810039304,2026-07-11T22:47:19.304000+00:00,19.28,20.0,3008,421,,0
1783810040279,2026-07-11T22:47:20.279000+00:00,27.57,28.0,3008,421,,0
1783810041256,2026-07-11T22:47:21.256000+00:00,17.99,18.0,3008,421,,0
1783810041286,2026-07-11T22:47:21.286000+00:00,22.85,23.0,3008,421,,0
1783810041311,2026-07-11T22:47:21.311000+00:00,49.01,50.0,3008,421,,0
1783810042270,2026-07-11T22:47:22.270000+00:00,17.93,18.0,3008,421,,0
1783810042276,2026-07-11T22:47:22.276000+00:00,23.4,24.0,3008,421,,0
1783810042288,2026-07-11T22:47:22.288000+00:00,33.16,34.0,3008,421,,0
1783810042308,2026-07-11T22:47:22.308000+00:00,37.41,38.0,3008,421,,0
1783810042319,2026-07-11T22:47:22.319000+00:00,32.13,33.0,3008,421,,0
1783810043254,2026-07-11T22:47:23.254000+00:00,6.91,7.0,3008,421,,0
1783810043263,2026-07-11T22:47:23.263000+00:00,20.32,21.0,3008,421,,0
1783810043277,2026-07-11T22:47:23.277000+00:00,13.93,14.0,3008,421,,0
1783810043278,2026-07-11T22:47:23.278000+00:00,23.37,24.0,3008,421,,0
1783810043282,2026-07-11T22:47:23.282000+00:00,28.18,29.0,3008,421,,0
1783810043297,2026-07-11T22:47:23.297000+00:00,27.18,28.0,3008,421,,0
1783810044261,2026-07-11T22:47:24.261000+00:00,13.1,14.0,3008,421,,0
1783810044271,2026-07-11T22:47:24.271000+00:00,16.61,17.0,3008,421,,0
1783810044277,2026-07-11T22:47:24.277000+00:00,21.11,22.0,3008,421,,0
1783810044278,2026-07-11T22:47:24.278000+00:00,24.89,25.0,3008,421,,0
1783810044280,2026-07-11T22:47:24.280000+00:00,24.91,25.0,3008,421,,0
1783810044281,2026-07-11T22:47:24.281000+00:00,33.33,34.0,3008,421,,0
1783810044293,2026-07-11T22:47:24.293000+00:00,17.21,18.0,3008,421,,0
1783810044300,2026-07-11T22:47:24.300000+00:00,26.57,27.0,3008,421,,0
1783810045262,2026-07-11T22:47:25.262000+00:00,22.91,23.0,3008,421,,0
1783810045268,2026-07-11T22:47:25.268000+00:00,17.85,18.0,3008,421,,0
1783810045271,2026-07-11T22:47:25.271000+00:00,26.3,27.0,3008,421,,0
1783810045277,2026-07-11T22:47:25.277000+00:00,20.53,21.0,3008,421,,0
1783810045277,2026-07-11T22:47:25.277000+00:00,22.19,23.0,3008,421,,0
1783810045282,2026-07-11T22:47:25.282000+00:00,29.73,30.0,3008,421,,0
1783810045287,2026-07-11T22:47:25.287000+00:00,26.25,27.0,3008,421,,0
1783810045288,2026-07-11T22:47:25.288000+00:00,13.35,14.0,3008,421,,0
1783810045295,2026-07-11T22:47:25.295000+00:00,35.12,36.0,3008,421,,0
1783810045316,2026-07-11T22:47:25.316000+00:00,30.14,31.0,3008,421,,0
1783810046258,2026-07-11T22:47:26.258000+00:00,10.17,11.0,3008,421,,0
1783810046261,2026-07-11T22:47:26.261000+00:00,16.17,17.0,3008,421,,0
1783810046266,2026-07-11T22:47:26.266000+00:00,20.14,21.0,3008,421,,0
1783810046276,2026-07-11T22:47:26.276000+00:00,28.62,29.0,3008,421,,0
1783810046278,2026-07-11T22:47:26.278000+00:00,20.99,21.0,3008,421,,0
1783810046278,2026-07-11T22:47:26.278000+00:00,17.58,18.0,3008,421,,0
1783810046282,2026-07-11T22:47:26.282000+00:00,30.26,31.0,3008,421,,0
1783810046287,2026-07-11T22:47:26.287000+00:00,27.9,28.0,3008,421,,0
1783810046300,2026-07-11T22:47:26.300000+00:00,39.36,40.0,3008,421,,0
1783810046304,2026-07-11T22:47:26.304000+00:00,33.32,34.0,3008,421,,0
1783810046305,2026-07-11T22:47:26.305000+00:00,43.46,44.0,3008,421,,0
1783810047261,2026-07-11T22:47:27.261000+00:00,20.87,21.0,3008,421,,0
1783810047263,2026-07-11T22:47:27.263000+00:00,7.11,8.0,3008,421,,0
1783810047267,2026-07-11T22:47:27.267000+00:00,16.7,17.0,3008,421,,0
1783810047269,2026-07-11T22:47:27.269000+00:00,17.07,18.0,3008,421,,0
1783810047272,2026-07-11T22:47:27.272000+00:00,23.95,24.0,3008,421,,0
1783810047275,2026-07-11T22:47:27.275000+00:00,25.0,25.0,3008,421,,0
1783810047280,2026-07-11T22:47:27.280000+00:00,19.6,20.0,3008,421,,0
1783810047280,2026-07-11T22:47:27.280000+00:00,8.45,9.0,3008,421,,0
1783810047280,2026-07-11T22:47:27.280000+00:00,17.28,18.0,3008,421,,0
1783810047281,2026-07-11T22:47:27.281000+00:00,26.15,27.0,3008,421,,0
1783810047286,2026-07-11T22:47:27.286000+00:00,27.7,28.0,3008,421,,0
1783810047305,2026-07-11T22:47:27.305000+00:00,28.9,29.0,3008,421,,0
1783810047313,2026-07-11T22:47:27.313000+00:00,20.47,21.0,3008,421,,0
1783810048262,2026-07-11T22:47:28.262000+00:00,14.24,15.0,3008,421,,0
1783810048263,2026-07-11T22:47:28.263000+00:00,18.89,19.0,3008,421,,0
1783810048265,2026-07-11T22:47:28.265000+00:00,12.48,13.0,3008,421,,0
1783810048265,2026-07-11T22:47:28.265000+00:00,24.02,25.0,3008,421,,0
1783810048270,2026-07-11T22:47:28.270000+00:00,14.18,15.0,3008,421,,0
1783810048275,2026-07-11T22:47:28.275000+00:00,22.35,23.0,3008,421,,0
1783810048279,2026-07-11T22:47:28.279000+00:00,18.19,19.0,3008,421,,0
1783810048282,2026-07-11T22:47:28.282000+00:00,20.98,21.0,3008,421,,0
1783810048283,2026-07-11T22:47:28.283000+00:00,36.12,37.0,3008,421,,0
1783810048292,2026-07-11T22:47:28.292000+00:00,34.04,35.0,3008,421,,0
1783810048307,2026-07-11T22:47:28.307000+00:00,18.4,19.0,3008,421,,0
1783810048321,2026-07-11T22:47:28.321000+00:00,29.59,30.0,3008,421,,0
1783810049260,2026-07-11T22:47:29.260000+00:00,21.36,22.0,3008,421,,0
1783810049262,2026-07-11T22:47:29.262000+00:00,7.42,8.0,3008,421,,0
1783810049265,2026-07-11T22:47:29.265000+00:00,9.87,10.0,3008,421,,0
1783810049275,2026-07-11T22:47:29.275000+00:00,30.36,31.0,3008,421,,0
1783810049276,2026-07-11T22:47:29.276000+00:00,23.69,24.0,3008,421,,0
1783810049278,2026-07-11T22:47:29.278000+00:00,27.94,28.0,3008,421,,0
1783810049278,2026-07-11T22:47:29.278000+00:00,8.75,9.0,3008,421,,0
1783810049279,2026-07-11T22:47:29.279000+00:00,20.93,21.0,3008,421,,0
1783810049280,2026-07-11T22:47:29.280000+00:00,25.1,26.0,3008,421,,0
1783810049284,2026-07-11T22:47:29.284000+00:00,29.06,30.0,3008,421,,0
1783810049292,2026-07-11T22:47:29.292000+00:00,37.95,38.0,3008,421,,0
1783810049305,2026-07-11T22:47:29.305000+00:00,28.17,29.0,3008,421,,0
1783810049306,2026-07-11T22:47:29.306000+00:00,31.94,32.0,3008,421,,0
1783810050243,2026-07-11T22:47:30.243000+00:00,6.11,7.0,3008,421,,0
1783810050265,2026-07-11T22:47:30.265000+00:00,18.36,19.0,3008,421,,0
1783810050269,2026-07-11T22:47:30.269000+00:00,22.14,23.0,3008,421,,0
1783810050276,2026-07-11T22:47:30.276000+00:00,31.79,32.0,3008,421,,0
1783810050278,2026-07-11T22:47:30.278000+00:00,22.67,23.0,3008,421,,0
1783810050279,2026-07-11T22:47:30.279000+00:00,24.74,25.0,3008,421,,0
1783810050280,2026-07-11T22:47:30.280000+00:00,16.45,17.0,3008,421,,0
1783810050286,2026-07-11T22:47:30.286000+00:00,30.14,31.0,3008,421,,0
1783810050293,2026-07-11T22:47:30.293000+00:00,32.25,33.0,3008,421,,0
1783810050297,2026-07-11T22:47:30.297000+00:00,36.9,37.0,3008,421,,0
1783810050308,2026-07-11T22:47:30.308000+00:00,49.03,50.0,3008,421,,0
1783810050319,2026-07-11T22:47:30.319000+00:00,33.2,34.0,3008,421,,0
1783810050337,2026-07-11T22:47:30.337000+00:00,31.44,32.0,3008,421,,0
1783810051258,2026-07-11T22:47:31.258000+00:00,17.86,18.0,3008,421,,0
1783810051262,2026-07-11T22:47:31.262000+00:00,11.3,12.0,3008,421,,0
1783810051270,2026-07-11T22:47:31.270000+00:00,6.56,7.0,3008,421,,0
1783810051273,2026-07-11T22:47:31.273000+00:00,17.39,18.0,3008,421,,0
1783810051274,2026-07-11T22:47:31.274000+00:00,20.04,21.0,3008,421,,0
1783810051275,2026-07-11T22:47:31.275000+00:00,27.64,28.0,3008,421,,0
1783810051278,2026-07-11T22:47:31.278000+00:00,22.04,23.0,3008,421,,0
1783810051281,2026-07-11T22:47:31.281000+00:00,27.33,28.0,3008,421,,0
1783810051281,2026-07-11T22:47:31.281000+00:00,17.54,18.0,3008,421,,0
1783810051284,2026-07-11T22:47:31.284000+00:00,24.95,25.0,3008,421,,0
1783810051285,2026-07-11T22:47:31.285000+00:00,15.51,16.0,3008,421,,0
1783810051288,2026-07-11T22:47:31.288000+00:00,27.45,28.0,3008,421,,0
1783810051310,2026-07-11T22:47:31.310000+00:00,17.8,18.0,3008,421,,0
1783810051322,2026-07-11T22:47:31.322000+00:00,17.11,18.0,3008,421,,0
1783810052267,2026-07-11T22:47:32.267000+00:00,20.13,21.0,3008,421,,0
1783810052272,2026-07-11T22:47:32.272000+00:00,31.66,32.0,3008,421,,0
1783810052273,2026-07-11T22:47:32.273000+00:00,25.95,26.0,3008,421,,0
1783810052273,2026-07-11T22:47:32.273000+00:00,14.96,15.0,3008,421,,0
1783810052275,2026-07-11T22:47:32.275000+00:00,18.07,19.0,3008,421,,0
1783810052277,2026-07-11T22:47:32.277000+00:00,18.44,19.0,3008,421,,0
1783810052277,2026-07-11T22:47:32.277000+00:00,30.02,31.0,3008,421,,0
1783810052281,2026-07-11T22:47:32.281000+00:00,31.41,32.0,3008,421,,0
1783810052287,2026-07-11T22:47:32.287000+00:00,30.06,31.0,3008,421,,0
1783810052294,2026-07-11T22:47:32.294000+00:00,38.68,39.0,3008,421,,0
1783810052332,2026-07-11T22:47:32.332000+00:00,39.82,40.0,3008,421,,0
1783810053253,2026-07-11T22:47:33.253000+00:00,6.87,7.0,3008,421,,0
1783810053254,2026-07-11T22:47:33.254000+00:00,10.69,11.0,3008,421,,0
1783810053259,2026-07-11T22:47:33.259000+00:00,7.93,8.0,3008,421,,0
1783810053262,2026-07-11T22:47:33.262000+00:00,17.17,18.0,3008,421,,0
1783810053271,2026-07-11T22:47:33.271000+00:00,29.91,30.0,3008,421,,0
1783810053274,2026-07-11T22:47:33.274000+00:00,20.82,21.0,3008,421,,0
1783810053280,2026-07-11T22:47:33.280000+00:00,24.23,25.0,3008,421,,0
1783810053280,2026-07-11T22:47:33.280000+00:00,21.09,22.0,3008,421,,0
1783810053284,2026-07-11T22:47:33.284000+00:00,23.95,24.0,3008,421,,0
1783810053285,2026-07-11T22:47:33.285000+00:00,31.37,32.0,3008,421,,0
1783810053289,2026-07-11T22:47:33.289000+00:00,32.02,33.0,3008,421,,0
1783810053302,2026-07-11T22:47:33.302000+00:00,34.29,35.0,3008,421,,0
1783810053303,2026-07-11T22:47:33.303000+00:00,37.0,37.0,3008,421,,0
1783810053308,2026-07-11T22:47:33.308000+00:00,46.77,47.0,3008,421,,0
1783810053314,2026-07-11T22:47:33.314000+00:00,18.42,19.0,3008,421,,0
1783810053317,2026-07-11T22:47:33.317000+00:00,19.98,20.0,3008,421,,0
1783810054265,2026-07-11T22:47:34.265000+00:00,27.32,28.0,3008,421,,0
1783810054272,2026-07-11T22:47:34.272000+00:00,14.77,15.0,3008,421,,0
1783810054273,2026-07-11T22:47:34.273000+00:00,24.7,25.0,3008,421,,0
1783810054274,2026-07-11T22:47:34.274000+00:00,20.83,21.0,3008,421,,0
1783810054275,2026-07-11T22:47:34.275000+00:00,22.76,23.0,3008,421,,0
1783810054276,2026-07-11T22:47:34.276000+00:00,19.33,20.0,3008,421,,0
1783810054276,2026-07-11T22:47:34.276000+00:00,19.81,20.0,3008,421,,0
1783810054279,2026-07-11T22:47:34.279000+00:00,29.81,30.0,3008,421,,0
1783810054295,2026-07-11T22:47:34.295000+00:00,35.41,36.0,3008,421,,0
1783810054295,2026-07-11T22:47:34.295000+00:00,39.15,40.0,3008,421,,0
1783810054300,2026-07-11T22:47:34.300000+00:00,18.31,19.0,3008,421,,0
1783810054311,2026-07-11T22:47:34.311000+00:00,23.34,24.0,3008,421,,0
1783810054317,2026-07-11T22:47:34.317000+00:00,38.04,39.0,3008,421,,0
1783810054322,2026-07-11T22:47:34.322000+00:00,18.6,19.0,3008,421,,0
1783810054340,2026-07-11T22:47:34.340000+00:00,29.14,30.0,3008,421,,0
1783810055269,2026-07-11T22:47:35.269000+00:00,18.28,19.0,3008,421,,0
1783810055270,2026-07-11T22:47:35.270000+00:00,23.71,24.0,3008,421,,0
1783810055274,2026-07-11T22:47:35.274000+00:00,27.71,28.0,3008,421,,0
1783810055275,2026-07-11T22:47:35.275000+00:00,29.2,30.0,3008,421,,0
1783810055284,2026-07-11T22:47:35.284000+00:00,26.42,27.0,3008,421,,0
1783810055285,2026-07-11T22:47:35.285000+00:00,27.42,28.0,3008,421,,0
1783810055286,2026-07-11T22:47:35.286000+00:00,28.9,29.0,3008,421,,0
1783810055287,2026-07-11T22:47:35.287000+00:00,29.59,30.0,3008,421,,0
1783810055292,2026-07-11T22:47:35.292000+00:00,36.16,37.0,3008,421,,0
1783810055292,2026-07-11T22:47:35.292000+00:00,31.75,32.0,3008,421,,0
1783810055304,2026-07-11T22:47:35.304000+00:00,28.55,29.0,3008,421,,0
1783810055315,2026-07-11T22:47:35.315000+00:00,30.4,31.0,3008,421,,0
1783810055328,2026-07-11T22:47:35.328000+00:00,50.63,51.0,3008,421,,0
1783810055344,2026-07-11T22:47:35.344000+00:00,34.03,35.0,3008,421,,0
1783810056265,2026-07-11T22:47:36.265000+00:00,17.04,18.0,3008,421,,0
1783810056269,2026-07-11T22:47:36.269000+00:00,17.57,18.0,3008,421,,0
1783810056271,2026-07-11T22:47:36.271000+00:00,19.51,20.0,3008,421,,0
1783810056274,2026-07-11T22:47:36.274000+00:00,24.39,25.0,3008,421,,0
1783810056275,2026-07-11T22:47:36.275000+00:00,17.77,18.0,3008,421,,0
1783810056277,2026-07-11T22:47:36.277000+00:00,19.44,20.0,3008,421,,0
1783810056282,2026-07-11T22:47:36.282000+00:00,10.28,11.0,3008,421,,0
1783810056283,2026-07-11T22:47:36.283000+00:00,39.41,40.0,3008,421,,0
1783810056286,2026-07-11T22:47:36.286000+00:00,21.86,22.0,3008,421,,0
1783810056287,2026-07-11T22:47:36.287000+00:00,34.67,35.0,3008,421,,0
1783810056294,2026-07-11T22:47:36.294000+00:00,28.66,29.0,3008,421,,0
1783810056302,2026-07-11T22:47:36.302000+00:00,16.62,17.0,3008,421,,0
1783810056323,2026-07-11T22:47:36.323000+00:00,44.72,45.0,3008,421,,0
1783810056334,2026-07-11T22:47:36.334000+00:00,47.52,48.0,3008,421,,0
1783810057258,2026-07-11T22:47:37.258000+00:00,9.4,10.0,3008,421,,0
1783810057266,2026-07-11T22:47:37.266000+00:00,17.56,18.0,3008,421,,0
1783810057270,2026-07-11T22:47:37.270000+00:00,27.63,28.0,3008,421,,0
1783810057272,2026-07-11T22:47:37.272000+00:00,22.32,23.0,3008,421,,0
1783810057273,2026-07-11T22:47:37.273000+00:00,16.57,17.0,3008,421,,0
1783810057275,2026-07-11T22:47:37.275000+00:00,23.11,24.0,3008,421,,0
1783810057277,2026-07-11T22:47:37.277000+00:00,20.47,21.0,3008,421,,0
1783810057281,2026-07-11T22:47:37.281000+00:00,32.03,33.0,3008,421,,0
1783810057284,2026-07-11T22:47:37.284000+00:00,30.41,31.0,3008,421,,0
1783810057288,2026-07-11T22:47:37.288000+00:00,29.47,30.0,3008,421,,0
1783810057303,2026-07-11T22:47:37.303000+00:00,37.43,38.0,3008,421,,0
1783810057305,2026-07-11T22:47:37.305000+00:00,31.5,32.0,3008,421,,0
1783810057309,2026-07-11T22:47:37.309000+00:00,29.78,30.0,3008,421,,0
1783810057312,2026-07-11T22:47:37.312000+00:00,34.78,35.0,3008,421,,0
1783810057330,2026-07-11T22:47:37.330000+00:00,45.43,46.0,3008,421,,0
